nodeID,log_bc_ratio,Module Appearance Score,Cluster Y/N,Average Shortest Path Length
AARSD1,-0.263763082,0,0,4.11374598
ABCA1,,0,0,4.39107717
ABCA2,,0,0,4.44533762
ABCE1,,0,0,4.39107717
ABI1,,0,0,4.44533762
ABI3BP,,0,0,4.02733119
ABL1,,0,0,3.81310289
ACAA2,,0,0,4.09606109
ACACA,,0,0,3.99236334
ACAT1,,0,0,4.23874598
ACOT7,,0,0,3.99236334
ACP2,,0,0,5.08882637
ACSF2,-0.303361464,21,0,3.74356913
ACSF3,,0,0,3.81310289
ACSS1,,0,0,3.81310289
ACTA1,,0,1,3.95699357
ACTA2,,0,0,3.95699357
ACTB,,0,1,3.95699357
ACTC1,,0,0,4.25763666
ACTN1,0.023092316,48,0,3.57315113
ACTN2,-0.400160516,0,0,3.75401929
ACTN4,-0.198481342,38,0,4.2142283
ACTR2,,0,0,3.95699357
ACY1,,0,0,5.01889068
ADA,,0,0,3.93609325
ADAM33,,0,0,4.46824759
ADAMTSL4,,0,0,4.289791
ADAR,0.242999788,208,0,3.28376206
ADCY6,,0,0,3.99236334
ADD3,,0,0,3.99236334
ADRA1D,,0,0,4.04421222
ADRB2,-0.533353965,0,0,3.67403537
ADSL,,0,0,4.46463023
AEBP2,,0,0,4.1744373
AES,,0,0,4.25763666
AFG3L2,0.193167334,243,1,3.23392283
AFP,,0,0,4.73231511
AGAP1,,0,0,4.12178457
AGO2,,0,0,3.97990354
AGO3,,0,0,4.27853698
AGO4,,0,0,3.95699357
AGRN,-0.487294021,0,0,4.13826367
AGTRAP,-0.276076545,22,0,4.01768489
AHCYL1,-1.199374681,0,0,3.84847267
AHCYL2,-1.381344349,0,0,4.18247588
AHDC1,,0,0,3.99236334
AHI1,,0,0,4.28898714
AHNAK,,0,0,3.95699357
AHSA1,,0,0,3.81310289
AIMP1,0.101157557,36,0,3.20418006
AIMP2,,36,0,4.08641479
AK2,,0,0,4.2335209
AK4,,0,0,4.71101286
AKIRIN2,,22,0,4.35651125
AKT1,-0.512893015,22,1,4.04702572
AKT2,,0,0,5.01889068
ALAS1,,0,0,5.38303859
ALB,0.344622444,33,0,4.21583601
ALCAM,,0,0,6.41800643
ALDH18A1,0.212526893,95,1,3.32194534
ALDH2,,0,0,3.81310289
ALDOA,-0.337177077,0,0,3.70860129
ALDOC,,0,0,4.58360129
ALG2,,0,0,4.71663987
ALK,,0,0,3.81310289
ALKBH3,-1.333313175,0,0,3.8721865
ALOX5,,0,0,5.26004823
ALOXE3,,0,0,3.81310289
ALS2,-0.221116412,17,1,4.03135048
AMBRA1,,0,0,3.81310289
AMFR,-0.236379523,37,0,3.48874598
AMIGO1,,0,0,4.04421222
AMIGO2,,0,0,4.44533762
AMOTL1,,0,0,5.28014469
AMPD2,0.248785939,23,0,3.51406752
ANKHD1,,0,0,3.99236334
ANKRD17,,0,0,4.25763666
ANKRD34A,,0,0,4.12178457
ANP32A,,0,0,3.99236334
ANTXR1,,0,0,4.27853698
ANXA1,,0,0,4.02733119
ANXA11,,0,0,4.02733119
ANXA7,-1.479520377,0,0,3.9835209
AP1M2,,0,0,4.11173633
AP2A1,,0,0,4.46181672
AP2A2,,0,0,3.97990354
AP2M1,,0,0,4.44533762
AP3M1,,0,0,4.19533762
AP3S1,,0,0,4.68368167
AP4B1,0.141325515,47,1,4.09043408
AP4E1,0.247356924,42,1,3.95217042
AP4M1,0.110181541,42,1,4.0192926
AP4S1,0.066689723,18,1,3.73271704
AP5M1,,4,0,5.97186495
AP5Z1,-0.782977836,0,1,5.13705788
APBB1,,0,0,3.99236334
APH1A,,30,0,3.9340836
APH1B,,0,0,4.11173633
API5,,0,0,4.46463023
APLNR,0.036690112,12,0,4.20377814
APOB,,0,0,5.08882637
APOBEC3D,,0,0,3.93609325
APOE,,0,0,4.11173633
APP,0.348354537,44,0,3.31913183
APPBP2,-0.615586193,0,0,4.12540193
AR,-0.707911026,0,0,4.05827974
ARF1,,18,0,4.81310289
ARHGAP19,,0,0,4.1744373
ARHGAP22,,0,0,4.44533762
ARHGAP25,,0,0,4.81189711
ARHGAP32,,0,0,3.99236334
ARHGDIA,,0,0,4.1744373
ARHGEF10,,0,0,4.19533762
ARHGEF16,,0,0,4.02733119
ARHGEF7,,0,0,4.50241158
ARID2,,0,0,5.01889068
ARID5A,,0,0,3.99236334
ARL15,,0,0,4.02733119
ARL6,,0,0,4.4477492
ARL6IP1,0.209355335,43,0,3.44815113
ARMC6,,0,0,3.95699357
ARPIN,,0,0,5.01889068
ARRB2,-0.849412541,0,0,4.06752412
ARRDC1,,0,0,4.46905145
ARSI,-0.820120929,0,0,4.43046624
ARSK,,0,0,4.04421222
ART3,,0,0,4.68368167
ASB13,,0,0,4.60691318
ASB18,,0,0,4.02733119
ASB2,,0,0,4.46463023
ASB3,,0,0,3.93609325
ASB4,-1.157502109,0,0,3.76286174
ASB7,,0,0,4.60691318
ASB9,,0,0,3.81310289
ASIC1,,0,0,4.1744373
ASIC4,,0,0,4.81270096
ASNA1,,0,0,4.44533762
ASNS,,0,0,3.99236334
ASPRV1,,0,0,4.71101286
ASS1,,0,0,4.25763666
ATAD1,,0,0,4.81270096
ATAD5,,39,0,4.19533762
ATF2,-1.582291208,0,0,3.67202572
ATF5,,0,0,3.99236334
ATG5,-0.770949777,0,0,3.84043408
ATL1,,0,1,3.80667203
ATOH1,,0,0,4.71663987
ATP1A1,,0,0,4.2335209
ATP1A3,,0,1,3.99236334
ATP1B3,,0,0,5.16237942
ATP1B4,-0.309919063,28,0,4.84686495
ATP2A2,-0.425755915,0,0,3.93850482
ATP2B2,,0,0,4.4477492
ATP4A,,0,0,5.64790997
ATP5A1,-0.353018504,0,0,3.99919614
ATP5B,,0,0,5.08882637
ATP5C1,-0.841817864,0,0,4.56752412
ATP5E,,0,0,4.50241158
ATP5F1,0.130743091,0,0,3.69975884
ATP5H,-0.617954503,0,0,3.96141479
ATP5J,,0,0,4.710209
ATP5O,-0.1798293,20,0,4.00763666
ATP6AP2,,0,0,4.35892283
ATP6V0A1,,0,0,4.02733119
ATP6V0D1,,0,0,3.99236334
ATP6V1A,-0.839086482,0,0,3.73512862
ATP6V1B2,,0,0,4.02733119
ATP6V1F,,0,0,4.20377814
ATP8,,0,0,5.08882637
ATPAF2,,0,0,4.35651125
ATRIP,,0,0,4.22909968
ATXN1,0.334636774,105,0,2.99276527
ATXN10,0.213595902,35,1,3.3914791
ATXN1L,,0,0,3.99236334
ATXN2,0.190462537,64,1,2.93649518
ATXN2L,-0.980702504,0,0,3.79983923
ATXN3,0.03435823,0,1,3.17483923
ATXN7,0.221510418,29,0,3.46864952
ATXN7L3,,29,0,4.46824759
AURKA,,0,0,3.81310289
AURKB,-0.995540867,0,0,3.69935691
AXIN1,,0,0,3.97990354
AZI2,,0,0,4.95659164
B3GNT3,,0,0,4.81189711
B4GALNT1,0.208301771,7,1,4.15393891
B4GAT1,-0.759311121,0,0,4.19734727
B9D1,,0,0,3.95699357
BAALC,,0,0,3.99236334
BABAM1,,0,0,4.02733119
BACE1,,0,0,4.09606109
BAG2,,0,0,4.28898714
BAG3,-0.697933291,0,0,3.75482315
BAG5,,0,0,4.64951768
BAG6,,0,0,3.93609325
BAK1,,0,0,3.81310289
BASP1,-0.816155961,0,0,3.82717042
BATF2,,0,0,3.99236334
BAX,-0.967575397,0,0,3.78175241
BCAT1,,0,0,3.93609325
BCAT2,,0,0,3.81310289
BCCIP,,0,0,4.25763666
BCL11B,-0.131853326,72,0,4.05426045
BCL2,,0,0,4.11173633
BCL2L1,-1.367000086,0,0,3.94493569
BCL6,,0,0,4.44533762
BCL7C,,0,0,4.1744373
BCOR,,0,1,3.81310289
BCR,-1.100190609,0,0,3.7528135
BECN1,,0,0,4.2335209
BEND2,,0,0,3.99236334
BICC1,,0,0,4.02733119
BIRC6,,0,0,4.09606109
BLVRA,,10,0,5.26004823
BMI1,-1.172540821,0,0,3.85369775
BMP1,,0,0,4.93729904
BMX,,0,0,4.71101286
BOLL,,0,0,4.02733119
BOP1,,0,0,4.19533762
BPHL,,0,0,3.81310289
BRCA1,-0.010586055,32,0,3.36012862
BRE,,0,0,4.02733119
BRF2,,0,0,4.23874598
BSCL2,0.246726874,104,1,3.81310289
BSG,-0.16952094,14,0,4.24839228
BTF3L4,,0,0,4.46463023
BTG3,-0.231749394,0,0,3.8420418
BTK,,0,0,4.2335209
BTNL8,,7,0,5.32234727
BTRC,-0.838972121,0,0,3.83561093
BUB3,,0,0,3.95699357
BZRAP1,-0.304508517,0,0,4.06993569
BZW2,,0,0,4.25763666
C10orf76,,0,0,4.09606109
C11orf58,-1.100190609,0,0,3.7528135
C12orf10,-0.626377509,0,0,3.74356913
C12orf65,0.122282894,2,1,4.1812701
C14orf1,,0,0,4.02733119
C14orf105,,0,0,4.51366559
C15orf48,,0,0,4.2335209
C16orf70,,0,0,4.1744373
C17orf53,,0,0,4.58360129
C19orf12,-0.22212101,2,1,4.14590032
C19orf43,-0.46011834,0,0,3.98874598
C19orf52,,0,0,4.6937299
C1orf85,,0,0,4.27853698
C1orf94,,0,0,3.99236334
C1QBP,-0.768303533,0,0,3.77532154
C1QTNF1,,0,0,4.44533762
C21orf2,,0,0,5.03094855
C2orf27B,,0,0,3.99236334
C2orf47,-0.698701245,0,0,4.02009646
C2orf68,,0,0,5.26004823
C3orf17,,0,0,4.02733119
C4orf29,,0,0,3.81310289
C4orf32,,0,0,4.95458199
C5AR2,,0,0,3.97990354
C5orf24,,0,0,4.71101286
CA2,,0,0,3.81310289
CA9,,0,0,4.39107717
CABP1,,19,0,4.44533762
CACNA1A,0.289490026,19,1,3.44573955
CACNA2D1,,0,0,4.04421222
CACNB3,,0,0,4.71101286
CACNB4,,0,0,4.44533762
CALCOCO2,,0,0,4.95659164
CALM1,,0,0,4.46463023
CALM2,,0,0,4.44533762
CALM3,,0,0,4.44533762
CALR,0.092929057,22,0,4.79662379
CAMK2B,,0,0,3.99236334
CAMKMT,,0,0,4.27853698
CAMSAP2,,0,0,4.12178457
CAMSAP3,,0,0,4.1744373
CAND1,-0.266321324,0,0,3.46824759
CANX,0.299118482,23,0,3.74196141
CAPN1,0.258389663,164,1,3.25803859
CAPN2,-0.979517855,0,0,3.96221865
CAPN8,,0,0,4.25763666
CAPNS1,,0,0,4.25763666
CAPNS2,,0,0,4.25763666
CAPZB,,0,0,4.28898714
CARD10,,0,0,4.46824759
CARD8,,0,0,3.93609325
CARS2,,0,0,4.25763666
CASK,,0,1,4.23874598
CASP3,,0,0,3.81310289
CASP7,,0,0,4.25763666
CASP8,,0,0,4.04421222
CAST,,25,0,4.25763666
CAV3,,0,0,4.9931672
CBL,,13,0,5.29863344
CBWD1,,13,0,4.84364952
CBX4,-0.442651798,23,0,4.44734727
CBX5,,0,0,5.05385852
CBY1,-0.786149071,0,0,3.86053055
CCAR2,-1.384292501,0,0,3.74919614
CCDC101,,0,0,4.46824759
CCDC102B,,0,0,4.35651125
CCDC126,,0,0,3.97990354
CCDC136,,0,0,3.99236334
CCDC155,,0,0,5.64790997
CCDC33,,0,0,4.35651125
CCDC47,,0,0,4.04421222
CCDC58,,0,0,4.2335209
CCDC8,0.166692714,0,0,3.66881029
CCL22,,0,0,4.81189711
CCNDBP1,-0.252544003,33,0,3.80586817
CCNJL,,0,0,4.27853698
CCNK,,0,0,3.99236334
CCNY,,0,0,4.22909968
CCNYL1,,32,0,4.22909968
CCT2,-0.49385067,0,0,3.78858521
CCT3,-0.48271033,0,0,3.83440514
CCT4,,0,0,3.93810289
CCT5,0.186684756,34,0,2.9573955
CCT6A,,0,0,3.93810289
CCT6B,,0,0,3.95699357
CCT7,,0,0,3.93810289
CCT8,,0,0,3.93810289
CD109,-0.717435697,0,0,3.90916399
CD247,,13,0,5.29863344
CD3D,,0,0,4.04421222
CD4,-0.719950027,0,0,3.70900322
CD44,,0,0,4.51366559
CD47,,0,0,4.81270096
CD79A,-0.398175157,0,0,4.49799035
CD79B,0.030021864,0,0,4.17282958
CD81,,0,0,4.27853698
CD83,,0,0,4.09606109
CD99L2,,0,0,4.25763666
CDADC1,,0,0,5.28014469
CDC20,-0.785019515,0,0,3.67202572
CDC25B,,0,0,4.12178457
CDC25C,,0,0,4.31752412
CDC37,,0,0,4.11173633
CDC5L,-1.582291208,0,0,3.67202572
CDC73,-0.021740405,0,0,3.64268489
CDCA4,,0,0,4.28898714
CDH1,-0.10913062,30,0,3.54662379
CDH13,,0,0,4.81189711
CDH2,,0,0,4.11173633
CDH5,-0.430649469,0,0,4.1153537
CDH8,,0,0,4.11173633
CDIP1,,0,0,3.99236334
CDK1,,0,0,3.95699357
CDK11A,,0,0,5.01889068
CDK13,-0.215656659,14,0,4.1840836
CDK16,0.179719896,72,0,3.22950161
CDK17,,0,0,4.22909968
CDK18,,0,0,4.22909968
CDK2,0.301044231,2,0,3.56069132
CDK5,-0.299449329,0,0,3.68086817
CDK5R1,,0,0,4.22909968
CDK6,,0,0,3.99236334
CDK8,,0,0,4.22909968
CDK9,-1.164364512,0,0,3.61615756
CDKN1A,,0,0,4.1744373
CDKN2A,,0,0,5.64790997
CDKN2AIP,,0,0,3.81310289
CDON,,0,0,6.41800643
CEACAM21,,0,0,4.35892283
CEBPA,,23,0,4.54622186
CECR5,,0,0,3.81310289
CELA2B,,33,0,3.93609325
CELF5,,0,0,3.93609325
CELSR1,,0,0,6.41800643
CELSR2,,0,0,6.41800643
CENPJ,,0,0,4.39107717
CEP104,,18,0,4.61053055
CEP128,-0.696982123,0,0,3.94935691
CEP135,,0,0,4.20377814
CEP152,-0.791029725,0,0,4.17162379
CEP162,,0,0,4.39107717
CEP164,,0,0,4.25763666
CEP170,,0,0,4.81189711
CEP170P1,,0,0,3.81310289
CEP19,,0,0,4.46463023
CEP250,,0,0,4.27853698
CEP44,,0,0,5.38303859
CEP55,,0,0,4.02733119
CEP70,-0.745732383,0,0,3.74879421
CEP72,,0,0,4.46824759
CEPT1,,0,0,4.50241158
CERK,-0.718493438,0,0,4.1744373
CETN1,,0,0,4.289791
CETN2,,0,0,3.95699357
CFL1,-0.749744645,0,0,3.76808682
CFLAR,,0,0,4.09606109
CFTR,-0.374701958,0,0,3.51848875
CGN,,0,0,4.12178457
CGRRF1,,0,0,4.35892283
CHCHD2,,0,0,4.2335209
CHD3,,0,0,3.97990354
CHD4,,0,0,5.05385852
CHEK2,,0,0,4.28898714
CHGB,,0,0,3.93609325
CHI3L1,,0,0,5.26004823
CHMP1A,-0.528373842,0,0,3.83721865
CHMP1B,-0.160371575,11,0,3.7994373
CHMP2A,-0.189263121,11,0,3.7994373
CHMP2B,,0,0,4.09606109
CHMP3,,0,0,4.02733119
CHMP4A,,0,0,4.02733119
CHMP4B,-0.298723064,11,0,3.97909968
CHMP4C,,0,0,4.09606109
CHMP5,,0,0,4.02733119
CHMP7,,0,0,4.09606109
CHPT1,,0,0,4.81270096
CHRNA7,,0,0,3.99236334
CHRNA9,,0,0,4.93729904
CHTF8,,0,0,5.01889068
CHUK,,0,0,3.97990354
CIAPIN1,,0,0,4.08641479
CIB1,,0,0,4.11173633
CIC,,0,0,3.99236334
CIRBP,,0,0,3.99236334
CISD3,,0,0,4.2335209
CKAP2,,0,0,4.50241158
CKAP4,,0,0,4.50241158
CKAP5,,0,0,4.44533762
CLASRP,,31,0,3.76406752
CLCN2,,0,0,3.99236334
CLCN7,,0,0,4.50241158
CLEC4F,,0,0,3.99236334
CLEC4G,,0,0,4.25763666
CLEC7A,,0,0,3.81310289
CLIC1,,0,0,4.50241158
CLIC3,,0,0,6.41800643
CLINT1,,0,0,4.02733119
CLMP,,0,0,4.35892283
CLN3,-0.755912631,0,0,3.92282958
CLN8,0.027438804,16,0,4.18488746
CLPB,,0,0,4.710209
CLSTN1,,0,0,4.11173633
CLTA,,0,0,4.02733119
CLTC,-0.32890623,0,0,4.21583601
CLU,,0,0,3.81310289
CMTM5,-0.291753932,22,0,4.01768489
CNDP2,,0,0,4.25763666
CNOT6,,0,0,4.1744373
CNPY2,,0,0,4.71101286
CNTN2,,0,0,4.46181672
CNTRL,,0,0,4.04421222
COBLL1,,0,0,5.28014469
COG1,,0,0,4.25763666
COG6,-0.239730322,0,0,4.38424437
COIL,,31,0,3.99236334
COL1A1,,0,0,4.25763666
COL4A3BP,,0,0,4.4477492
COLGALT1,,0,0,3.81310289
COMTD1,,0,0,4.20377814
COPS5,-0.818947767,0,0,3.63625402
COPS6,-0.425148878,0,0,3.94292605
COQ2,-0.971990066,0,1,4.02491961
COQ9,,0,0,4.2335209
CORO1C,,0,0,4.20377814
COX15,-0.419030411,0,1,3.77170418
COX5A,,0,0,4.710209
CPA5,,0,0,4.68368167
CPSF7,,0,0,3.99236334
CRBN,,0,0,3.95699357
CRCP,,0,0,4.60691318
CREB1,-1.674964542,0,0,3.87178457
CREB3,,0,0,5.31350482
CREBBP,-0.681605683,35,1,3.87178457
CREG1,,0,0,4.25763666
CREM,,0,0,3.99236334
CRIM1,-0.487294021,0,0,4.13826367
CRIP2,,0,0,3.99236334
CRK,,0,0,3.99236334
CRMP1,-0.060423672,0,0,3.66680064
CRTAP,,0,0,4.19533762
CRX,,29,0,4.46824759
CRY1,,0,0,4.23874598
CRY2,-0.096728905,0,0,3.38384244
CRYAA,,0,0,4.35651125
CRYAB,,0,0,4.02733119
CRYL1,0.33899214,4,0,3.97588424
CSE1L,,0,0,4.04421222
CSF1,,0,0,5.29863344
CSNK2A1,-1.085789554,0,0,3.95377814
CSNK2A2,-0.964030342,32,0,3.95377814
CSNK2B,0.040160256,0,0,3.7170418
CST3,,0,0,3.99236334
CSTF2,,0,0,4.02733119
CTBP1,-0.04776421,23,0,3.84485531
CTDSP1,,14,0,4.81189711
CTNNA1,,0,0,4.11173633
CTNNB1,-0.265783842,30,0,3.78376206
CTNND1,-0.79198834,0,0,3.91117363
CTPS2,,0,0,4.35651125
CTSC,,0,0,4.25763666
CTSH,,0,0,3.81310289
CTTNBP2,,0,0,3.95699357
CUL1,-0.227966652,0,0,3.58159164
CUL2,-0.995540867,0,0,3.69935691
CUL3,0.070843261,0,0,3.22106109
CUL4A,-0.821960819,0,0,3.56270096
CUL4B,-0.898882375,0,0,3.90755627
CUL5,-0.837234446,0,0,3.93689711
CUL7,-0.156047507,0,0,3.47427653
CUTC,,0,0,4.35651125
CXorf56,,0,0,3.81310289
CYC1,,0,0,4.2335209
CYLD,-0.126966029,0,0,3.41881029
CYP2C18,,0,0,4.11173633
CYP2C8,,0,0,4.11173633
CYP7B1,,1,1,1
CYSRT1,,0,0,4.44533762
DARS,,0,1,4.08641479
DARS2,,0,0,3.81310289
DAZAP2,,0,0,3.99236334
DCAF11,,0,0,3.95699357
DCAF15,,0,0,4.81189711
DCAF4,,0,0,3.81310289
DCAF5,-1.292851515,0,0,3.67202572
DCAF7,,0,0,3.95699357
DCAF8,-0.50453196,0,0,3.90675241
DCBLD1,,0,0,6.41800643
DCLK1,,0,0,4.12178457
DCLRE1B,,0,0,3.81310289
DCP1A,,0,0,4.32154341
DCTN1,-0.302514213,14,1,3.97829582
DCTN3,,0,0,3.99236334
DCUN1D1,,0,0,4.02733119
DDB2,-1.582291208,0,0,3.67202572
DDHD1,-0.006432982,0,1,4.28054662
DDHD2,0.100542799,10,1,4.26045016
DDT,,0,0,4.81189711
DDX1,,0,0,4.32154341
DDX17,-0.17750389,0,0,3.55064309
DDX39B,,0,0,3.81310289
DDX5,,0,0,3.93609325
DDX52,,0,0,5.01889068
DDX6,,0,0,3.93609325
DEF8,,0,0,4.81189711
DENND1A,,0,0,4.12178457
DENND4C,,0,0,4.12178457
DEPDC1B,,0,0,4.22909968
DERL1,,0,0,4.04421222
DES,,0,0,4.25763666
DGCR8,,0,0,4.02733119
DGUOK,,0,0,4.46181672
DHFR,,0,0,3.81310289
DHRSX,,0,0,3.99236334
DHX15,,0,0,3.93609325
DHX37,,0,0,3.99236334
DHX40,,0,0,4.35651125
DHX9,-0.743393279,0,0,3.92524116
DIABLO,,0,0,4.4477492
DIXDC1,,0,0,3.99236334
DKC1,,0,0,4.19533762
DKK3,,0,0,3.81310289
DKKL1,-0.32890623,0,0,4.21583601
DLD,-0.791124148,0,0,4.03054662
DLK1,,0,0,1.75
DLST,,0,0,4.23874598
DMPK,,0,0,3.99236334
DMWD,,0,0,4.19533762
DNAAF2,-0.410311216,17,0,4.30948553
DNAI2,,0,0,3.95699357
DNAJA1,-1.113492203,0,0,3.84606109
DNAJA3,,0,0,3.99236334
DNAJA4,,0,0,4.27853698
DNAJB1,,0,0,3.97990354
DNAJB2,,0,0,4.1744373
DNAJB5,-0.724939201,19,0,4.39710611
DNAJC13,,0,0,4.81270096
DNALI1,,0,0,3.97990354
DND1,,0,0,4.1744373
DNM2,,0,0,4.1744373
DOCK5,-0.916354521,0,0,3.85409968
DOCK6,,0,0,4.50241158
DPM3,,0,0,4.02733119
DPPA4,,0,0,3.97990354
DQX1,,0,0,4.289791
DRG2,,0,0,4.46463023
DSG4,-0.342965844,26,0,4.00602894
DSP,,0,0,4.11173633
DSTYK,0.245402842,26,1,3.81229904
DTNA,,0,0,4.11173633
DTNB,,15,0,4.93729904
DTNBP1,,0,0,4.93729904
DTX2,,0,0,4.35651125
DTX3L,,0,0,4.35651125
DUSP10,,0,0,3.97990354
DUSP13,,0,0,4.71101286
DUSP14,,0,0,4.02733119
DUSP22,,0,0,4.39107717
DUSP3,-0.78127993,20,0,3.99839228
DYNLL1,0.021175394,0,0,4.12258842
DYNLL2,-0.370697397,0,0,4.71623794
DZIP3,,0,0,3.99236334
EBP,,0,1,4.81270096
ECH1,-0.732302696,0,0,3.9011254
ECHS1,,25,0,4.25763666
ECSIT,,0,0,4.11173633
ECT2,,0,0,4.25763666
EDC3,,0,0,4.22909968
EDEM3,-1.218690876,0,0,3.69252412
EEA1,,0,0,4.23874598
EED,-1.108375443,0,0,3.76045016
EEF1A2,,10,0,5.26004823
EEF1B2,,0,0,3.81310289
EEF1D,,0,0,4.50241158
EEF1E1,,0,0,4.08641479
EEF1G,,0,0,4.50241158
EEF2,-0.642161774,0,0,3.61615756
EFEMP1,-0.487294021,0,0,4.13826367
EFEMP2,-0.141151387,0,0,3.77813505
EFHC2,,0,0,4.35651125
EFHD1,,0,0,4.11173633
EFNB1,,0,0,6.41800643
EGFR,0.304333349,53,0,3.35610932
EHBP1L1,,0,0,4.02733119
EHD4,,0,0,4.46463023
EHMT1,,0,0,3.99236334
EHMT2,,0,0,4.44533762
EID1,,0,0,4.95659164
EIF1AX,,0,0,4.02733119
EIF1AY,,0,0,3.99236334
EIF1B,,0,0,3.99236334
EIF2A,,0,0,4.25763666
EIF2S1,,0,0,4.08641479
EIF2S3,,0,0,4.20377814
EIF3A,-0.334886112,0,0,4.05184887
EIF3F,-0.816155961,0,0,3.82717042
EIF3H,,0,0,4.19533762
EIF4A2,,0,0,4.20377814
EIF4E,-0.839086482,0,0,3.73512862
EIF4E2,,0,0,4.12178457
EIF4ENIF1,,0,0,3.99236334
EIF4G1,,0,0,4.20377814
EIF5A,,0,0,3.81310289
EIF6,,0,0,4.25763666
ELAVL1,0.265225838,34,0,3.69895498
ELAVL2,,0,0,3.93609325
ELL2,,0,0,4.2335209
ELMO3,,0,0,4.50241158
ELP5,,0,0,3.99236334
EMC2,,0,0,4.68368167
EMD,,0,0,4.49557878
EMILIN1,-0.400810574,10,0,4.6937299
ENPP6,,9,0,4.71663987
ENSA,,0,0,4.11173633
ENTHD2,,18,0,4.60088424
ENTPD1,,0,0,5.46061093
ENTPD6,,0,0,3.99236334
ENY2,,0,0,4.46824759
EP300,-0.378588942,23,1,3.9573955
EPB41L3,-0.979590949,0,0,3.9312701
EPRS,,0,0,4.08641479
EPS15,,0,0,4.09606109
EPS8,,0,0,4.51366559
ERAL1,,0,0,5.62700965
ERBB2,0.111592558,30,0,4.42242765
ERBB3,,0,0,4.46181672
ERBB4,,0,0,4.09606109
ERCC6L,,0,0,3.97990354
ERG,-1.108375443,0,0,3.76045016
ERGIC1,,0,0,4.02733119
ERGIC3,-0.231589117,12,0,4.73110932
ERLIN1,,37,1,3.98995177
ERLIN2,0.237108283,67,1,3.04461415
ERN1,,0,0,4.11173633
ESR1,-0.911479898,0,0,3.71141479
ESRP1,,0,0,3.76406752
ESRRA,,0,0,3.99236334
ESRRB,,0,0,3.81310289
ETFA,,0,0,4.11173633
ETV4,-0.995755551,0,0,3.70176849
EVA1C,,28,0,4.1153537
EVC2,,0,0,4.50241158
EVL,,0,0,3.97990354
EWSR1,-0.137538636,26,0,3.70096463
EXOC1,,0,0,4.93729904
EXOSC4,,0,0,4.28336013
EZH2,,0,0,4.28336013
EZR,,17,0,4.46181672
F2R,,0,0,4.25763666
F8A1,,0,0,3.97990354
FA2H,0.095907479,0,1,4.31390675
FAF2,0.009170963,28,0,3.84525723
FAHD2B,,0,0,3.81310289
FAM107A,,0,0,3.81310289
FAM109A,,0,0,4.68368167
FAM110A,,0,0,4.22909968
FAM110B,,0,0,4.12178457
FAM114A1,,0,0,4.35651125
FAM122A,,0,0,4.28898714
FAM122B,,0,0,4.19533762
FAM134C,,0,0,4.4477492
FAM174A,,0,0,4.68368167
FAM193B,,0,0,3.99236334
FAM19A3,,0,0,4.289791
FAM219A,,0,0,4.58360129
FAM21C,,0,0,3.99236334
FAM46A,,0,0,3.99236334
FAM46B,,0,0,3.99236334
FAM53C,,0,0,4.12178457
FAM71F1,,0,0,3.97990354
FAM86B2,-1.333313175,0,0,3.8721865
FAM98A,,0,0,3.93609325
FANCA,,0,0,4.25763666
FANCC,,0,0,4.25763666
FANCG,-0.421129855,25,0,4.1483119
FANCI,,39,0,4.19533762
FAP,,0,0,4.04421222
FAR1,,0,0,3.99236334
FARSB,,0,0,4.09606109
FAS,,0,0,4.27853698
FAT4,,0,0,3.99236334
FBF1,,0,0,4.46463023
FBLN1,,0,0,4.44533762
FBN1,,0,0,4.46824759
FBXL12,-0.652671235,0,0,3.914791
FBXL6,,0,0,4.02733119
FBXL7,,0,0,4.19533762
FBXO11,,0,0,4.02733119
FBXO15,,0,0,3.81310289
FBXO17,,0,0,3.81310289
FBXO25,-1.021113026,0,0,3.80426045
FBXO6,0.042395124,0,0,3.38866559
FBXO7,,0,1,3.81310289
FBXW11,,0,0,4.28336013
FBXW4,,0,0,3.95699357
FBXW7,-0.599584418,0,0,3.97186495
FCGR1A,,0,0,6.41800643
FCGR2B,,0,0,4.58360129
FDFT1,,0,0,4.4477492
FDPS,,0,0,3.99236334
FECH,,0,0,3.81310289
FEN1,,0,0,4.02733119
FEZ1,,0,0,3.97990354
FGF13,,0,0,4.11173633
FGFR1,-0.151020791,17,0,4.41881029
FGFR1OP2,,0,0,4.95458199
FGFR2,,0,1,4.35892283
FGL1,,0,0,3.93609325
FHL2,-0.675221626,0,0,3.82676849
FHL3,,0,0,5.62700965
FIBP,,5,0,5.09003215
FICD,,0,0,3.97990354
FKBP14,,0,0,4.04421222
FLNB,,0,0,4.11173633
FLOT1,,0,0,4.04421222
FLOT2,-0.888790952,0,0,3.8392283
FN1,0.177970515,25,0,3.32998392
FNTA,,0,0,4.25763666
FNTB,,0,0,4.25763666
FOSL1,,0,0,3.99236334
FOSL2,,0,0,4.77250804
FOXA1,-1.503345943,0,0,4.06511254
FOXA2,,0,0,4.28336013
FOXA3,,0,0,4.28336013
FOXB1,,0,0,4.28336013
FOXG1,,0,0,4.28336013
FOXH1,,0,0,4.28336013
FOXI2,-0.976555137,0,0,4.12580386
FOXK1,,0,0,6.13665595
FOXL1,,0,0,4.28336013
FOXO4,,0,0,4.1744373
FOXP3,,0,0,4.28336013
FOXRED1,,0,1,3.81310289
FOXS1,-0.976555137,0,0,4.12580386
FPR2,-0.762046366,0,0,4.3062701
FRMD1,,0,0,4.81189711
FTL,-1.100295434,0,1,3.64670418
FTSJ2,,0,0,3.81310289
FUBP3,,0,0,3.99236334
FUNDC1,,0,0,5.62700965
FUS,-1.582291208,0,0,3.67202572
FXN,0.08564817,38,1,4.50401929
FXR2,-0.089723726,41,0,3.97990354
FYN,,0,0,3.99236334
G3BP1,-0.137555175,0,0,3.49276527
G6PD,,0,0,4.25763666
GAB2,,0,0,4.22909968
GABARAP,,0,0,6.11696141
GABRA6,,0,0,4.81270096
GABRE,,0,0,4.81270096
GABRG2,,0,0,4.81270096
GAD1,-0.074993745,22,0,4.7664791
GAD2,-0.790654213,0,0,4.42845659
GAK,,0,0,4.35892283
GALNS,,0,0,4.04421222
GALNT2,,18,0,4.6937299
GAN,-0.974119051,0,0,3.63545016
GANAB,,0,0,3.95699357
GAPDH,-0.20180579,0,0,3.33882637
GARS,,0,0,4.23874598
GAS2,,0,0,4.25763666
GAS2L1,,27,0,4.71101286
GATAD1,,0,0,3.99236334
GBA,,0,1,3.81310289
GBA2,0.219739208,10,1,3.64991961
GBAS,,0,0,3.81310289
GBP2,-0.629616964,0,0,3.94011254
GCA,,0,0,3.99236334
GCC2,,0,0,4.20377814
GCDH,-1.132422431,0,0,3.96945338
GCFC2,,0,0,3.99236334
GCNT1,,0,0,5.62700965
GDA,,0,0,3.81310289
GDI1,,0,0,4.49557878
GFAP,,0,0,4.11173633
GFI1B,,0,0,3.93609325
GFM1,,0,0,3.81310289
GFPT1,,0,1,4.23874598
GGA2,-0.481733467,0,0,3.58480707
GGT5,,0,0,5.24236334
GHITM,,0,0,1.5
GID8,,0,0,3.81310289
GIGYF1,,0,0,4.12178457
GIGYF2,,0,0,4.31752412
GINS2,,0,0,4.25763666
GINS3,,0,0,4.25763666
GIPC1,,0,0,4.23874598
GIT1,-0.399435443,0,0,3.8557074
GJC2,,33,1,5.21543408
GLA,,0,0,4.25763666
GLB1L3,,0,0,3.81310289
GLOD4,,0,0,3.81310289
GLRA2,,0,0,4.81270096
GLS,-0.652152701,25,0,4.17885852
GMEB2,,0,0,3.99236334
GMPPB,,0,1,3.81310289
GNB1,-0.846432121,0,0,3.89710611
GNB2,-0.229495277,0,0,4.15675241
GNB5,,0,0,3.95699357
GNPDA1,,0,0,4.46463023
GNS,,0,0,4.25763666
GOLGA1,,0,0,4.39107717
GOLGA2,-0.462041399,0,0,4.43207395
GOLGA3,,0,0,4.46824759
GOLGA5,,0,0,5.08882637
GOLGA6L5P,-0.245063344,0,0,3.81149518
GOLIM4,,0,0,4.61053055
GOLPH3,-0.688243657,0,0,3.9642283
GOLPH3L,-0.5167502,0,0,3.83842444
GOLT1B,-0.442671634,0,0,3.94614148
GORASP1,,0,0,3.81310289
GORASP2,,0,0,4.4477492
GPATCH8,,0,0,3.99236334
GPBP1L1,,0,0,4.51366559
GPKOW,,0,0,3.93609325
GPN1,-0.640490489,0,0,3.79541801
GPN3,-0.64903685,0,0,4.11655949
GPR156,,0,0,4.51366559
GPR55,,0,0,4.68368167
GPR89A,,0,0,4.81270096
GPRASP1,-0.50933387,0,0,3.95297428
GPRASP2,-0.856752158,0,0,3.92323151
GPT,,0,0,4.25763666
GRAP2,,0,0,4.09606109
GRB2,0.131669463,26,0,3.35651125
GRIN2B,,0,0,4.25763666
GRK5,,0,0,4.49557878
GRM1,,0,0,3.97990354
GRN,-0.487294021,0,1,4.13826367
GRPR,,0,0,4.81189711
GRSF1,,0,0,4.95659164
GSAP,,0,0,4.11173633
GSK3A,,0,0,4.35651125
GSK3B,-1.314281312,0,0,3.94493569
GSPT1,,0,0,3.99236334
GSR,,0,0,3.81310289
GSTK1,-0.810090155,0,0,3.7857717
GSTM5,,0,0,4.04421222
GSTO1,,0,0,4.25763666
GTF2B,,0,0,4.60691318
GTF2F1,,0,0,4.22909968
GTF2I,,0,0,4.73231511
GTF3C3,,0,0,4.60691318
GTPBP8,,0,0,3.81310289
GTSE1,,0,0,4.35892283
GYPB,,0,0,5.16237942
H2AFX,,0,0,3.95699357
H3F3A,,0,0,5.01889068
HAAO,,22,0,5.76607717
HAP1,-0.827117513,35,0,3.87178457
HARS,,0,0,4.23874598
HARS2,,0,0,3.81310289
HAVCR2,,0,0,4.49557878
HAX1,-0.173988521,17,0,3.82717042
HBS1L,,0,0,3.97990354
HCFC2,,0,0,3.95699357
HDAC1,0.038736627,0,0,3.59083601
HDAC10,,0,0,4.68368167
HDAC11,,0,0,4.04421222
HDAC2,-0.079684893,0,0,4.14348875
HDAC3,-0.875043161,0,0,3.79782958
HDAC4,-0.10454784,23,0,3.69975884
HDAC5,-0.199674901,0,0,3.55466238
HDAC6,-0.621242665,0,0,3.7471865
HDAC9,,0,0,4.28336013
HDGFRP3,,0,0,4.81270096
HDLBP,,0,0,4.28336013
HECW1,,0,0,4.44533762
HECW2,,11,0,4.77250804
HEPHL1,,0,0,4.02733119
HERC4,,0,0,4.46463023
HERPUD1,,0,0,4.11173633
HEXIM1,,0,0,3.81310289
HEY1,-1.333313175,0,0,3.8721865
HEY2,-0.995755551,0,0,3.70176849
HEYL,-0.995755551,0,0,3.70176849
HGS,,0,0,4.4477492
HHATL,,0,0,4.44533762
HIF1A,,0,0,4.25763666
HIP1,,0,0,3.97990354
HIPK4,,0,0,4.2335209
HIST1H2AG,,0,0,4.02733119
HIST1H3A,,0,0,3.99236334
HIST1H3E,,0,0,3.81310289
HIST1H3H,,0,0,3.97990354
HIST2H2AB,,0,0,4.77250804
HIST2H2AC,,0,0,4.09606109
HIST2H2BE,-0.268885423,0,0,3.68207395
HIVEP1,-0.231749394,0,0,3.8420418
HK2,,0,0,4.23874598
HLA-A,,0,0,4.1744373
HLA-B,,0,0,3.97990354
HLA-DPA1,-0.81299675,0,0,4.22829582
HLTF,,0,0,4.73231511
HMG20A,-1.100295434,0,0,3.64670418
HMGA1,-0.506855406,0,0,3.90836013
HMGB1,,0,0,4.11173633
HMGCL,,0,0,4.4477492
HMGCR,,0,0,4.04421222
HMGCS1,,0,0,4.35651125
HNRNPA1,-0.579490434,24,0,3.76045016
HNRNPA2B1,,0,0,3.81310289
HNRNPC,,0,0,5.38303859
HNRNPCL1,,0,0,4.02733119
HNRNPD,,0,0,4.25763666
HNRNPF,,0,0,4.02733119
HNRNPH1,-1.582291208,0,0,3.67202572
HNRNPK,,0,0,4.68368167
HNRNPLL,,0,0,3.99236334
HNRNPM,-1.063005977,0,0,3.95458199
HNRNPR,-0.719706084,0,0,4.08762058
HNRNPUL2,,0,0,4.04421222
HOMER1,,0,0,4.20377814
HOTAIR,,0,0,3.99236334
HOXC11,,0,0,3.97990354
HOXC4,,0,0,3.97990354
HPCAL1,,0,0,3.99236334
HSD17B12,,0,0,4.2335209
HSFX1,,0,0,3.99236334
HSP90AA1,,0,0,4.1744373
HSP90AA5P,,0,0,5.26004823
HSP90AB1,-0.538497858,0,0,3.59324759
HSP90B1,-0.283112442,0,0,3.81792605
HSPA1A,-0.486398207,0,0,3.56069132
HSPA4,-0.675635064,0,0,3.47548232
HSPA5,-0.210688382,37,0,3.54823151
HSPA8,-0.131394926,0,0,3.34405145
HSPA9,-0.839086482,0,0,3.73512862
HSPB1,,0,0,4.39107717
HSPBP1,,0,0,4.46463023
HSPD1,0.217550534,79,1,2.81350482
HSPE1,-0.013451787,0,0,3.63223473
HSPG2,,0,0,4.44533762
HTR3A,,0,0,4.81270096
HTR3C,-0.742044079,0,0,4.43327974
HTR6,,0,0,4.39107717
HTT,0.206214886,109,0,2.98030547
HUWE1,-0.438044186,0,0,3.45940514
HYPK,,0,0,3.97990354
HYPM,-0.912253982,0,0,3.70176849
IARS,-0.509586158,36,0,3.80948553
IBA57,,0,0,3.81310289
ICAM1,,0,0,4.27853698
ICAM2,-0.259432026,21,0,4.56109325
ICAM5,,0,0,4.11173633
ICK,,0,0,4.22909968
ICT1,-0.281800436,0,0,3.62700965
IDE,,0,0,4.710209
IDH3B,,0,0,3.93609325
IDH3G,,0,0,3.81310289
IER2,,0,0,4.28898714
IER5,,0,0,4.28898714
IFFO1,,0,0,5.28014469
IFI16,-0.841013997,0,0,3.94453376
IFT20,,0,0,3.97990354
IGBP1,,0,0,3.95699357
IGF2R,,0,0,3.99236334
IGHG1,,0,0,4.02733119
IGSF8,,0,0,4.27853698
IKBKAP,-1.163721713,0,0,3.72467846
IKBKB,,0,0,3.97990354
IKBKE,-0.531911507,14,0,3.90434084
IKBKG,0.145542372,0,0,3.85972669
IKZF3,,0,0,4.35651125
IL12RB1,,0,0,4.27853698
IL13RA2,,0,0,5.62700965
IL17RA,,0,0,3.97990354
IL1R2,,0,0,4.81189711
IL20RB,,0,0,4.81270096
IL34,,0,0,3.99236334
ILF2,,0,0,4.32154341
ILF3,,0,0,4.32154341
ILK,-0.170423412,0,0,3.76165595
ILVBL,-0.588803454,0,0,3.87258842
IMMT,-0.227843944,0,0,3.61334405
IMPDH2,,0,0,5.01889068
INA,,0,0,4.25763666
INADL,,0,0,4.50241158
INCA1,,0,0,4.35651125
ING5,,0,0,3.97990354
INO80B,,0,0,4.31752412
INPP5E,,0,0,4.31752412
INPP5K,,0,0,4.4477492
INPPL1,,0,0,4.51366559
INSIG1,,0,0,4.04421222
INSR,,0,0,4.93729904
INTS7,,0,0,4.31752412
INTU,,0,0,4.2335209
IP6K1,,0,0,4.44533762
IPO8,,0,0,3.99236334
IPO9,,0,0,4.60691318
IPPK,-0.762046366,0,0,4.3062701
IQGAP1,,0,0,4.20377814
IRAK1,,0,0,3.95699357
IRAK2,,0,0,4.11173633
IRF2,,0,0,6.13665595
IRS4,,0,0,4.27853698
ISG15,-1.17046096,0,0,3.61093248
ISG20L2,,0,0,4.22909968
ISLR,-0.263251825,0,0,4.0494373
IST1,-0.041404985,11,0,3.70980707
ITCH,-0.838141432,0,0,3.76889068
ITGA4,-0.346036748,0,0,3.54139871
ITGA5,,0,0,4.46181672
ITGAV,-0.013964779,17,0,4.28778135
ITGB1,,0,0,3.81310289
ITGB4,,0,0,3.99236334
ITGB5,,22,0,4.95458199
ITM2A,,0,0,4.68368167
ITM2B,-0.062498164,7,0,4.91800643
ITPR1,,0,1,4.04421222
ITSN1,-0.330066286,15,0,4.00643087
ITSN2,,0,0,4.11173633
IWS1,,0,0,4.19533762
JAG2,-0.487294021,0,0,4.13826367
JMJD6,,0,0,4.19533762
JPH1,,0,0,5.16237942
KALRN,-0.487294021,0,0,4.13826367
KANK2,,0,0,4.11173633
KARS,,36,0,4.08641479
KAT2A,,0,0,4.46824759
KAT2B,-1.674964542,0,0,3.87178457
KAT6A,,0,0,3.99236334
KATNA1,,0,0,4.25763666
KBTBD7,,0,0,3.95699357
KCNA10,,0,0,5.0687299
KCNAB2,,0,0,3.99236334
KCNE3,,0,0,4.93729904
KCNIP2,,0,0,5.42483923
KCNIP3,,0,0,4.11173633
KCNIP4,,0,0,4.11173633
KCNJ5,,0,0,4.71101286
KCNN4,,0,0,4.09606109
KCNS3,,0,0,4.49557878
KCTD10,,0,0,4.1744373
KCTD15,,0,0,3.99236334
KCTD3,,0,0,4.12178457
KDM1A,-0.940896112,27,0,4.54180064
KDM4A,,0,0,4.19533762
KDM4B,,0,0,3.95699357
KDM5B,,0,0,4.44533762
KHDRBS1,,0,0,3.93609325
KHDRBS2,-0.090622272,0,0,3.76728296
KHDRBS3,-0.245063344,0,0,3.81149518
KIAA0368,,0,0,4.50241158
KIAA1191,,0,0,4.44533762
KIAA1279,-0.770802647,0,0,3.76487138
KIAA1377,,0,0,4.02733119
KIAA1549L,,0,0,3.99236334
KIAA1804,,0,0,4.12178457
KIAA2013,,0,0,4.81270096
KIAA2026,,0,0,3.99236334
KIDINS220,0.203566567,28,0,3.35932476
KIF11,,0,0,4.93729904
KIF13B,,0,0,4.12178457
KIF1A,0.372792644,85,1,3.29019293
KIF1B,,0,0,4.289791
KIF1C,0.077310353,113,1,3.31792605
KIF21A,,0,0,3.95699357
KIF22,,0,0,3.99236334
KIF23,,0,0,3.90755627
KIF5A,0.11404885,15,1,3.93770096
KIF5B,-0.900495972,0,0,4.09927653
KLC1,,15,0,4.93729904
KLC2,,15,1,4.93729904
KLC4,,0,0,4.93729904
KLF11,,0,0,3.99236334
KLHDC2,,0,0,3.95699357
KLHDC8A,,0,0,3.95699357
KLHL1,,0,0,4.44533762
KLHL12,,0,0,3.99236334
KLHL13,,0,0,4.02733119
KLHL15,,0,0,4.28898714
KLHL33,-1.582291208,0,0,3.67202572
KLHL8,,0,0,3.99236334
KLK5,,0,0,4.27853698
KLK8,,5,0,5.24236334
KMT2B,,0,0,3.99236334
KNG1,,0,0,4.25763666
KRAS,-0.016312731,11,1,3.65836013
KRT15,-0.461434146,0,0,4.30868167
KRT31,-0.268885423,0,0,3.68207395
KRT36,,0,0,4.09606109
KRT40,-0.558905796,0,0,3.74075563
KRT7,,0,0,4.04421222
KRT85,,0,0,4.09606109
KRTAP10-3,-0.609045065,0,0,3.7431672
KRTAP10-7,-1.02173707,0,0,4.55184887
KRTAP10-8,,0,0,3.81310289
KRTAP10-9,-1.02173707,0,0,4.55184887
KRTAP4-12,,0,0,4.68368167
KRTAP5-9,-0.90083268,0,0,3.75522508
KSR1,,0,0,4.12178457
KTN1,,0,0,4.25763666
L1CAM,0.150392185,17,0,3.46221865
LAMA1,,0,0,4.95176849
LAMB1,-0.20852367,0,0,3.66117363
LAMB2,,0,0,4.46824759
LAMB3,-0.810090155,0,0,3.7857717
LAMC1,,0,0,4.710209
LAMC2,,0,0,5.29863344
LAMC3,,0,0,4.31752412
LAMP3,,0,0,4.81189711
LAMTOR1,,0,0,5.62700965
LAMTOR5,,0,0,4.64951768
LARS,,36,0,4.08641479
LASP1,,0,0,3.99236334
LATS2,,0,0,4.32154341
LCMT2,,0,0,5.01889068
LDB1,,0,0,3.99236334
LDHAL6B,,0,0,4.25763666
LDLRAD4,,0,0,4.35892283
LENG1,,0,0,4.08641479
LGALS3,,0,0,4.25763666
LGALS3BP,-1.582291208,0,0,3.67202572
LGALS7,,0,0,4.95659164
LGR4,-0.850040871,0,0,3.7733119
LIMA1,,0,0,4.12178457
LINC01587,,0,0,5.97186495
LITAF,,0,0,3.99236334
LLGL1,-0.261116673,0,0,3.84967846
LLGL2,,0,0,4.32154341
LMNA,0.278007308,46,1,3.83038585
LOC101060521,,0,0,4.60691318
LOC401442,,0,0,3.99236334
LOXL1,,0,0,3.99236334
LPAR1,,0,0,5.16237942
LPAR2,,0,0,3.99236334
LPAR4,,0,0,4.68368167
LPCAT4,,0,0,4.68368167
LPHN1,,0,0,4.44533762
LPXN,,0,0,3.93609325
LRFN1,,0,0,4.12178457
LRIF1,,0,0,4.68368167
LRIG1,,0,0,4.09606109
LRP1,-0.193933741,19,0,4.00120579
LRRC15,,0,0,4.02733119
LRRC28,,0,0,3.81310289
LRRC8E,,0,0,5.26004823
LRRK2,,0,0,3.81310289
LRRTM1,,0,0,4.49557878
LRSAM1,-0.801339822,0,0,3.90072347
LSM12,-0.257624808,14,0,3.86133441
LTBP1,-0.463852956,19,0,4.43167203
LTBP3,,0,0,4.44533762
LTBP4,-0.487294021,0,0,4.13826367
LYN,,0,0,4.27853698
LYPD3,,0,0,5.0687299
LYPD4,-0.875282854,0,0,4.28737942
LYRM4,,0,0,5.50361736
LYST,,0,0,4.31752412
LZTS2,-0.245817173,0,0,3.73673633
MAD2L1,,0,0,4.81189711
MAF1,,0,0,4.60691318
MAGEA3,,0,0,3.97990354
MAGEB18,-0.995755551,0,0,3.70176849
MAGEB2,,0,0,3.99236334
MAGEB6,-0.995755551,0,0,3.70176849
MAGED1,-0.506277492,0,0,3.98191318
MAGEE1,,0,0,4.35892283
MAGEL2,,0,0,4.09606109
MAGI1,,0,0,4.12178457
MAN2A1,,0,0,4.25763666
MANBAL,,0,0,4.44533762
MANSC1,,0,0,4.35892283
MAP1B,,0,0,4.44533762
MAP1LC3A,0.028196419,7,0,3.93287781
MAP3K1,,0,0,4.1744373
MAP3K10,,0,0,3.97990354
MAP3K4,,0,0,4.95176849
MAP4K4,,0,0,4.93729904
MAPK14,,0,0,3.81310289
MAPK1IP1L,,0,0,4.02733119
MAPK3,,0,0,3.97990354
MAPK6,-0.90083268,0,0,3.75522508
MAPK8,,0,0,4.20377814
MAPK8IP2,,0,0,4.2335209
MAPK8IP3,,0,0,4.289791
MAPKAP1,,0,0,4.12178457
MAPT,,0,1,4.11173633
Mar-01,,0,0,5.62700965
MARS,0.142965846,36,0,3.23914791
MARS2,-0.363534255,38,1,3.58400322
MAS1,,0,0,4.68368167
MAST3,,0,0,4.12178457
MAT2A,,0,0,4.50241158
MATK,,0,0,4.44533762
MATN2,-0.141151387,0,0,3.77813505
MATR3,,0,0,4.28336013
MBD1,,0,0,3.97990354
MBD3,,0,0,5.05385852
MBD4,,0,0,3.97990354
MBP,-0.069817657,16,0,3.94573955
MCAT,,0,0,4.50241158
MCC,,0,0,4.23874598
MCCC2,,0,0,3.81310289
MCFD2,,0,0,4.20377814
MCM2,-0.065724919,0,0,3.38987138
MCM5,,0,0,4.27853698
MCMBP,,0,0,4.22909968
MCOLN3,-0.551084825,0,0,4.65233119
MCPH1,-0.144542165,0,0,3.54581994
MCRS1,,0,0,5.16237942
MCU,,0,0,4.04421222
MDC1,-1.314306611,0,0,3.79541801
MDFI,-0.348141329,0,0,4.13987138
MECP2,,0,1,4.73231511
MED1,,0,0,4.289791
MED15,,0,0,3.99236334
MED20,,0,0,4.2335209
MED21,,0,0,3.97990354
MED31,-0.506855406,0,0,3.90836013
MED4,,0,0,4.93729904
MEGF6,-0.487294021,0,0,4.13826367
MEGF8,-0.487294021,0,0,4.13826367
MELK,,0,0,4.22909968
METTL17,-0.939737128,0,0,3.585209
METTL20,-0.497898552,0,0,3.76286174
METTL21B,-0.974119051,0,0,3.63545016
METTL22,,0,0,4.27853698
METTL23,,0,0,4.27853698
METTL8,-0.386915031,0,0,3.74196141
MEX3C,,0,0,4.28336013
MGRN1,-1.674964542,0,0,3.87178457
MIA3,,0,0,4.44533762
MID1,,0,0,3.97990354
MID2,-0.8005371,0,0,4.03215434
MIPEP,,0,0,3.97990354
MITD1,,0,0,4.02733119
MKI67,,0,0,4.50241158
MKNK1,-1.479520377,0,0,3.9835209
MKRN3,,0,0,4.289791
MKS1,,0,0,3.95699357
MLH1,,0,0,4.28898714
MLLT4,,0,0,4.22909968
MLST8,,0,0,3.99236334
MLX,,0,0,4.51366559
MMGT1,-0.687004633,0,0,3.98030547
MMS19,,0,0,4.04421222
MOAP1,,0,0,4.44533762
MOB1B,,0,0,4.46463023
MOB3B,,20,0,4.46463023
MOB3C,,0,0,4.46463023
MOB4,-0.913491228,0,0,3.9079582
MOCS3,,0,0,4.71663987
MORC3,,0,0,3.97990354
MOSPD2,,0,0,5.08882637
MOV10,-0.025021984,0,0,3.46382637
MPP1,,0,0,3.97990354
MPRIP,,0,0,4.46824759
MRAP2,-0.81299675,0,0,4.22829582
MRFAP1,,0,0,3.97990354
MRFAP1L1,,0,0,3.97990354
MRPL11,,0,0,4.60691318
MRPL16,,0,0,3.81310289
MRPL17,,0,0,4.60691318
MRPL2,,0,0,4.60691318
MRPL22,,0,0,4.60691318
MRPL24,,0,0,4.60691318
MRPL37,,0,0,3.81310289
MRPL4,,0,0,3.80988746
MRPL44,,0,0,4.64951768
MRPL48,,0,0,5.01889068
MRPL54,,0,0,4.60691318
MRPS16,,0,0,4.39107717
MRPS22,,0,0,4.64951768
MRPS23,,0,0,5.01889068
MRPS30,,0,0,3.81310289
MRPS7,,0,0,4.60691318
MSL1,,0,0,4.50241158
MSMO1,,0,0,3.99236334
MST1R,,0,0,4.50241158
MSX2,,0,0,3.99236334
MTA1,-0.995539716,0,0,4.36334405
MTA2,-0.995539716,23,0,4.36334405
MTCH2,,0,0,4.710209
MTCL1,,0,0,4.28898714
MTERF3,,0,0,4.4477492
MTERF4,,0,0,3.99236334
MTG1,,0,0,3.81310289
MTG2,,0,0,3.81310289
MTHFD1,,0,0,4.32154341
MTMR14,,0,0,4.39107717
MTMR9,-0.56765766,0,0,4.15755627
MTNR1A,-0.267281313,10,0,4.61655949
MTNR1B,,0,0,4.95176849
MTOR,,0,0,3.97990354
MTPAP,0.261561689,48,1,3.95699357
MTPN,,14,0,4.81189711
MTUS2,-0.349932996,0,0,3.88263666
MVB12A,,27,0,4.71663987
MVB12B,,0,0,4.71663987
MVD,,0,0,4.25763666
MYBPC3,,0,0,4.25763666
MYC,0.260654917,5,0,3.42524116
MYCBP2,,0,0,4.19533762
MYCL,,0,0,4.93729904
MYEF2,-0.632998545,0,0,3.83601286
MYLK2,,2,0,5.18086817
MYO18A,,0,0,3.99236334
MYO1A,,0,0,4.31752412
MYO1E,,0,0,4.50241158
MYO9A,,0,0,4.28898714
MYOT,,0,0,4.02733119
NAA20,,0,0,4.23874598
NADK,,0,0,4.12178457
NAF1,,0,0,4.19533762
NAGK,,0,0,3.81310289
NAPB,,0,0,4.4477492
NARS,,0,0,3.99236334
NARS2,,0,0,3.81310289
NAT10,,0,0,4.02733119
NBEAL1,,0,0,4.31752412
NBR1,,0,0,3.90755627
NCAM1,-0.597676945,0,0,3.95618971
NCAN,,0,0,4.46181672
NCAPD2,,0,0,3.81310289
NCEH1,,0,0,5.32234727
NCL,,0,0,4.95659164
NCLN,,0,0,4.50241158
NCOA4,-0.923049433,0,0,3.75120579
NCOR1,-0.841928526,0,0,3.61334405
NCOR2,,0,0,3.99236334
NCR3LG1,,0,0,4.81189711
NCSTN,,30,0,3.9340836
NDRG4,,0,0,4.4477492
NDUFA11,,0,1,4.2335209
NDUFA13,,0,0,4.2335209
NDUFA4,,0,0,4.2335209
NDUFA9,,0,1,4.2335209
NDUFAF2,,0,1,4.1744373
NDUFB7,,0,0,4.25763666
NDUFB8,,0,0,4.44533762
NDUFB9,,0,1,4.68368167
NDUFS1,,0,1,4.2335209
NDUFS7,,0,1,3.80988746
NDUFS8,-0.616429379,0,1,3.914791
NEDD1,-0.769898793,0,0,3.83561093
NEDD4,-0.524783214,0,0,4.41197749
NEDD8,-0.794757534,0,0,3.63344051
NEFM,,0,0,4.25763666
NEK1,,0,0,5.03094855
NELFCD,,0,0,4.44533762
NELFE,,0,0,4.19533762
NELL1,-0.487294021,0,0,4.13826367
NELL2,-0.487294021,0,0,4.13826367
NES,,0,0,4.25763666
NEU4,,0,0,3.81310289
NEUROD1,,0,0,3.97990354
NF1,,0,0,4.12178457
NF2,-0.216873531,0,0,3.77652733
NFATC1,-1.355592161,0,0,4.1744373
NFATC2,-0.629863912,0,0,4.0659164
NFE2L1,,0,0,4.25763666
NFKBIA,-0.979517855,0,0,3.96221865
NHP2,,0,0,4.19533762
NIPBL,,0,0,4.02733119
NIPSNAP1,-1.582291208,0,0,3.67202572
NIPSNAP3A,,0,0,3.81310289
NIT1,,0,0,4.25763666
NLE1,,0,0,3.95699357
NLK,,0,0,3.99236334
NLRP3,,0,0,4.77250804
NME2P1,,0,0,3.93609325
NME4,,0,0,3.97990354
NME7,-0.30970029,20,0,4.2857717
NMT1,-1.058134571,0,0,4.07395498
NOC2L,,0,0,4.46824759
NOC4L,,20,0,4.46463023
NOL11,,0,0,5.43006431
NONO,,0,0,4.32154341
NOP10,,0,0,4.19533762
NOS1AP,,0,0,3.81310289
NOS2,-1.582291208,0,0,3.67202572
NOS3,,0,0,4.11173633
NOTCH1,-0.139825577,0,0,3.89549839
NOTCH2NL,-0.637284185,0,0,3.72146302
NOXA1,,0,0,4.44533762
NPAT,,0,0,5.01889068
NPHP3,,0,0,3.99236334
NPM1,,0,0,4.95659164
NPY2R,,0,0,3.97990354
NR2F1,,0,0,5.05385852
NR3C1,-0.81211792,0,0,3.789791
NR4A1,-0.581247582,0,0,3.82154341
NRAS,,0,0,4.95458199
NRD1,,0,0,4.710209
NRG1,-0.60401787,0,0,4.53416399
NRP1,,0,0,4.46181672
NSG1,,0,0,4.81270096
NSMAF,,0,0,3.95699357
NSUN4,,0,0,3.81310289
NT5C2,0.212389935,41,0,3.46503215
NT5E,,0,0,1.75
NTRK1,0.254366767,72,0,2.80707395
NUBP1,,0,0,4.20377814
NUDCD3,,0,0,6.11696141
NUDT18,-0.353943258,20,0,4.10249196
NUDT19,,0,0,3.81310289
NUDT21,,0,0,3.99236334
NUDT3,,0,0,4.4477492
NUFIP1,,0,0,4.46181672
NUFIP2,,0,0,3.93609325
NUMB,,0,0,4.46181672
NUMBL,,0,0,3.99236334
NUP107,,0,0,4.77250804
NUP133,,0,0,4.77250804
NUP43,,0,0,4.77250804
NUP54,,0,0,4.22909968
NUP62,,0,0,4.46824759
NUP85,,0,0,4.77250804
NUP98,,0,0,4.77250804
NUPL1,,0,0,3.97990354
NUTM2B,,0,0,3.99236334
NXF1,-0.121785984,0,0,3.5329582
NXF2,,0,0,3.93609325
OAZ1,,0,0,3.99236334
OBSL1,-0.893256317,0,0,3.62821543
OCIAD1,,0,0,4.2335209
ODF1,,0,0,3.95699357
OFD1,,0,1,4.20377814
OLIG1,,0,0,4.44533762
OPA3,0.021787924,73,1,3.71061093
OPCML,,0,0,3.99236334
OPRM1,-0.057378308,12,0,3.92122186
OPTN,-0.458948318,0,0,3.84606109
OSTF1,,0,0,3.97990354
OTUB1,,0,0,4.09606109
OTUB2,,0,0,4.1744373
OTX2,,0,0,3.99236334
OXCT1,-0.98644405,0,0,3.70337621
OXCT2,,0,0,3.81310289
OXNAD1,,0,0,3.81310289
OXSR1,,0,0,4.23874598
P2RX2,-0.006853152,26,0,4.70940514
P2RX5,,0,0,4.71101286
P3H1,,0,0,4.19533762
P4HA2,,0,0,3.93609325
P4HB,,0,0,3.81310289
PA2G4,,0,0,4.20377814
PABPC1,,0,0,3.93609325
PABPC4,,0,0,3.93609325
PACRG,,0,0,3.95699357
PACSIN1,,0,0,3.97990354
PACSIN2,,0,0,3.81310289
PACSIN3,,0,0,3.81310289
PALB2,,0,0,4.25763666
PALM2-AKAP2,,0,0,4.02733119
PAM16,,0,0,4.4477492
PAN2,-1.080284959,0,0,3.61374598
PARD3,,0,0,3.81310289
PARK2,-0.347394801,0,1,3.54983923
PAXIP1,,0,0,4.19533762
PBX3,,0,0,4.4477492
PCBD1,,0,0,4.60691318
PCDH10,,0,0,6.41800643
PCDH12,-0.069684509,19,0,5.41840836
PCDH17,,0,0,6.41800643
PCDH20,,0,0,5.15353698
PCDH7,,0,0,6.41800643
PCDHB16,,0,0,4.49557878
PCDHGA11,,0,0,6.41800643
PCDHGB1,,0,0,4.710209
PCDHGB4,,0,0,4.710209
PCDHGC3,,0,0,6.41800643
PCK1,-1.582291208,0,0,3.67202572
PCK2,,0,0,3.81310289
PCNA,,0,0,4.19533762
PCSK5,,0,0,4.44533762
PCSK6,,0,0,4.44533762
PDCD1,-0.073492414,12,0,4.43488746
PDCD4,,0,0,4.11173633
PDCD6,,0,0,4.04421222
PDCD6IP,,0,0,4.02733119
PDCL,,0,0,3.95699357
PDDC1,0.040608881,16,0,4.2170418
PDF,,0,0,4.50241158
PDHA1,-0.222037349,0,0,3.91237942
PDIA3,,0,0,3.81310289
PDK1,,0,0,4.68368167
PDK3,-1.582291208,0,0,3.67202572
PDP2,,0,0,4.2335209
PEA15,,0,0,4.46181672
PEF1,,0,0,4.02733119
PEPD,-0.675221626,0,0,3.82676849
PEX11B,,0,0,3.97990354
PEX14,-1.333313175,0,0,3.8721865
PEX7,,0,0,3.95699357
PFAS,,0,0,4.25763666
PFN1,,0,0,4.50241158
PFN2,,0,0,3.97990354
PGAP1,0.267584302,7,0,4.3227492
PHB,,0,0,4.2335209
PHB2,,0,0,4.2335209
PHC2,,0,0,4.2335209
PHF20,,0,0,4.02733119
PHGDH,,0,0,4.50241158
PHLDB2,,0,0,4.22909968
PHLPP1,,0,0,4.19533762
PHLPP2,,39,0,4.19533762
PHPT1,,0,0,3.99236334
PHYHIPL,,0,0,4.710209
PIAS1,-0.55713983,0,0,3.63866559
PIAS4,,0,0,3.97990354
PICK1,-0.057066118,38,0,3.93729904
PIH1D1,,0,0,4.60691318
PIK3R1,,0,0,3.97990354
PIM2,,0,0,3.99236334
PIN1,-0.330066286,0,0,4.00643087
PIN4,-1.717793963,0,0,3.85329582
PJA1,-1.753703947,0,0,3.93609325
PKM,,0,0,4.22909968
PKN2,,0,0,4.23874598
PKP1,,0,0,4.02733119
PKP2,,0,0,4.60691318
PKP4,,0,0,4.11173633
PLA2G10,,0,0,4.81189711
PLA2G2A,,0,0,4.09606109
PLBD2,,0,0,4.02733119
PLCG2,,0,0,3.81310289
PLEKHA1,,0,0,4.71101286
PLEKHA5,,0,0,4.22909968
PLEKHA7,,0,0,4.22909968
PLEKHB1,,0,0,3.99236334
PLEKHF2,,0,0,4.81270096
PLEKHO1,,0,0,4.71101286
PLG,,0,0,3.81310289
PLK1,,0,0,4.71663987
PLOD3,,0,0,3.81310289
PLP1,0.217978968,65,1,3.95498392
PLSCR1,-0.412185092,0,0,3.87299035
PLTP,,0,0,5.32234727
PLXDC2,,0,0,5.08882637
PMF1,,0,0,4.71101286
PML,-0.320815794,0,0,3.58440514
PMM1,,0,0,4.44533762
PMPCB,,0,0,5.50361736
PNKP,,0,0,4.1744373
PNMA1,-0.100045085,0,0,4.17765273
PNMA5,,0,0,5.38303859
PNPLA6,0.085812731,28,0,3.49598071
POC1A,-0.238479157,0,0,3.92041801
POLA2,,0,0,4.25763666
POLD3,,0,0,4.09606109
POLG2,,0,0,4.95176849
POLR1A,,0,0,4.60691318
POLR1B,,0,0,4.60691318
POLR1C,,0,0,4.60691318
POLR1D,,0,0,4.60691318
POLR2A,,0,0,4.60691318
POLR2B,,0,0,4.60691318
POLR2E,,0,0,4.60691318
POLR2F,,0,0,4.60691318
POLR2G,-1.155145176,0,0,4.01004823
POLR2H,,0,0,4.60691318
POLR2I,,0,0,4.19533762
POLR3A,0.131449483,28,1,3.60731511
POLR3B,,0,1,4.60691318
POLR3C,,0,0,4.60691318
POLR3D,,28,0,4.60691318
POLR3E,,28,0,4.60691318
POLR3F,,0,0,4.60691318
POLR3G,,0,0,4.60691318
POLR3GL,,0,0,4.60691318
POLR3H,,28,0,4.60691318
POLR3K,,0,0,4.60691318
POM121,-0.379194545,0,0,3.89790997
POM121C,,0,0,4.81270096
PON2,,0,0,5.32234727
POT1,,0,0,4.51366559
POU5F1,,0,0,4.27853698
PPA1,,0,0,3.81310289
PPARG,,0,0,4.289791
PPAT,,0,0,3.99236334
PPFIA1,,0,0,4.64951768
PPIB,,0,0,4.19533762
PPIG,,0,0,4.44533762
PPM1A,,0,0,6.11696141
PPM1H,,0,0,4.12178457
PPM1J,,0,0,3.95699357
PPP1CA,-0.544168638,0,0,3.96463023
PPP1CC,,0,0,4.60691318
PPP1R12A,,0,0,4.39107717
PPP1R12C,-0.487294021,0,0,4.13826367
PPP1R9A,,0,0,4.19533762
PPP1R9B,,0,0,4.19533762
PPP2CA,-0.413676347,0,0,3.70578778
PPP2CB,-0.473124765,0,0,3.77049839
PPP2R1A,,0,0,4.28898714
PPP2R1B,,0,0,4.28898714
PPP2R2A,-1.256700637,0,0,3.78858521
PPP2R2B,-0.102870939,34,0,3.28938907
PPP2R2C,-0.107310259,34,0,3.60731511
PPP2R2D,-1.256700637,0,0,3.78858521
PPP2R4,,0,0,3.95699357
PPP4C,,0,0,3.93810289
PPP4R2,,0,0,4.51366559
PPP6R2,,0,0,3.99236334
PPP6R3,,0,0,4.04421222
PQBP1,,0,1,3.99236334
PRAM1,,0,0,4.11173633
PRAMEF17,,0,0,3.81310289
PRDM1,-0.939737128,0,0,3.585209
PRDM5,,0,0,4.31752412
PRDX2,,0,0,4.11173633
PREP,,0,0,3.81310289
PRKAB1,,0,0,4.23874598
PRKACA,,0,0,5.76607717
PRKCE,,0,0,5.76607717
PRMT2,,0,0,3.97990354
PRMT5,,0,0,4.25763666
PRMT6,,0,0,4.710209
PRNP,,0,1,3.81310289
PRPF4,,0,0,3.95699357
PRPF40A,,0,0,3.97990354
PRPF40B,,0,0,3.97990354
PRPF4B,,0,0,4.31752412
PRPH,,0,1,4.28898714
PRPS1,,0,1,4.35651125
PRR20A,,0,0,3.99236334
PRRC2A,,0,0,3.99236334
PRRC2B,,0,0,3.99236334
PSEN1,0.201684511,30,1,3.11213826
PSEN2,-0.278717312,30,0,3.914791
PSENEN,,30,0,3.9340836
PSMA3,-0.058522651,9,0,3.69252412
PSMA5,,0,0,4.11173633
PSMA6,,0,0,3.95699357
PSMA7,,0,0,4.20377814
PSMB1,-0.036243053,14,0,3.72146302
PSMB3,,0,0,4.81189711
PSMB7,,0,0,3.97990354
PSMC1,,0,0,4.46824759
PSMC2,,0,0,4.46824759
PSMC3,-0.589807795,0,0,3.85409968
PSMC5,-0.68297142,0,0,3.78818328
PSMC6,-0.708105575,0,0,3.98271704
PSMD11,,0,0,5.08882637
PSMD2,-0.672786703,0,0,3.90393891
PSMD7,,0,0,4.46824759
PSME3,-0.901765139,0,0,4.05707395
PSPH,,0,0,3.99236334
PSRC1,,0,0,4.1744373
PSTPIP1,,0,0,4.68368167
PTAR1,,0,0,4.09606109
PTBP1,,0,0,4.20377814
PTEN,-0.268885423,0,1,3.68207395
PTGDS,-0.022252235,25,0,3.71221865
PTGER4,,0,0,4.11173633
PTGES2,,0,0,3.97990354
PTGES3,,0,0,4.46463023
PTGIR,,0,0,5.62700965
PTH1R,,3,0,1.75
PTMS,,0,0,3.81310289
PTPDC1,,0,0,4.28898714
PTPMT1,,0,0,4.2335209
PTPN1,,0,0,4.35892283
PTPN18,,0,0,3.93609325
PTPN2,,0,0,3.81310289
PTPN21,,0,0,4.31752412
PTPN23,,0,0,4.09606109
PTPN6,,0,0,4.20377814
PTPRA,,0,0,3.93609325
PTPRN,-0.165107927,16,0,4.29863344
PTPRR,,0,0,4.32154341
PTPRS,,0,0,6.41800643
PUF60,-0.337177077,0,0,3.70860129
PUM1,,0,0,3.99236334
PUS1,,0,0,3.81310289
PUSL1,,0,0,3.81310289
QARS,,36,0,4.08641479
QKI,,0,0,3.99236334
QRICH1,,0,0,3.99236334
QTRT1,,0,0,3.81310289
R3HDM1,,0,0,3.99236334
R3HDM2,,0,0,3.99236334
RAB11A,,0,0,4.35892283
RAB14,-0.172157449,0,0,4.32676849
RAB1B,,0,0,3.81310289
RAB2A,-0.767722973,0,0,4.01165595
RAB2B,,0,0,4.81189711
RAB30,,0,0,3.97990354
RAB33A,,0,0,4.4477492
RAB3A,-0.721534572,0,0,4.06672026
RAB3IP,-0.885518982,0,0,3.89790997
RAB5B,,0,0,3.81310289
RAB5C,-0.32890623,0,0,4.21583601
RAB7A,-0.940460662,0,0,4.01205788
RABAC1,,0,0,4.35651125
RABEP1,,0,0,4.46824759
RABGEF1,,0,0,4.46181672
RAC2,,0,0,4.2335209
RAD21,-0.349303729,25,0,3.94011254
RAD23A,0.160747386,0,0,3.80064309
RAD23B,,0,0,4.1744373
RAD50,,0,0,4.50241158
RAD51,-0.39146416,0,0,4.0562701
RAD51AP1,,39,0,4.19533762
RAD52,,0,0,3.81310289
RAD54L2,,0,0,3.99236334
RAE1,,0,0,4.60691318
RAF1,-1.426708073,0,0,3.73432476
RAI2,,0,0,3.99236334
RALA,,0,0,5.01889068
RALB,,0,0,4.32154341
RALY,,0,0,4.68368167
RAN,,0,0,4.31752412
RANBP9,-0.746688027,0,0,4.46101286
RAP1GDS1,,0,0,4.25763666
RAPGEF1,,0,0,3.99236334
RAPGEF2,-0.276867453,0,0,3.95458199
RAPGEF4,,0,0,3.99236334
RAPGEF5,,0,0,5.26004823
RARS,-0.443135228,36,0,3.86173633
RASA1,,0,0,3.97990354
RASAL2,,0,0,4.12178457
RASL10B,,0,0,3.81310289
RBBP4,-0.995539716,0,0,4.36334405
RBBP7,-0.995539716,0,0,4.36334405
RBFOX1,,0,0,3.76406752
RBFOX2,,31,0,3.76406752
RBM12B,,0,0,4.44533762
RBM26,,0,0,3.99236334
RBM42,,0,0,4.50241158
RBM45,,0,0,4.2335209
RBM6,,0,0,5.03094855
RBPJ,,0,0,4.28336013
RBPMS,-0.228382722,31,0,3.62178457
RC3H1,,0,0,3.81310289
RCAN2,,0,0,4.02733119
RCC2,,0,0,4.23874598
RCCD1,,0,0,5.26004823
RCL1,,0,0,4.02733119
RCN1,-0.356271854,27,0,3.87741158
RCN2,,0,0,3.97990354
REEP1,-0.037383426,0,0,4.06913183
REEP2,-0.12419385,0,1,4.42524116
REEP4,,0,0,5.0687299
REEP5,,0,0,4.95458199
REEP6,-0.573981226,0,0,4.24799035
REL,,0,0,3.99236334
REV3L,,0,0,4.44533762
REXO2,,0,0,3.81310289
RFFL,,0,0,4.1744373
RFWD2,,0,0,3.95699357
RFWD3,-1.582291208,0,0,3.67202572
RFX6,,0,0,4.289791
RFXANK,,0,0,3.97990354
RGS20,-1.024034298,0,0,3.76889068
RGS7,,0,0,3.95699357
RHEB,-0.939850699,0,0,3.78376206
RHOT1,,0,0,4.04421222
RHOXF2,,0,0,3.99236334
RIC3,,0,0,4.04421222
RIMBP2,,0,0,4.44533762
RIPPLY2,,0,0,4.02733119
RMDN3,,0,0,4.11173633
RNF111,,0,0,4.77250804
RNF114,,0,0,4.95458199
RNF126,,0,0,5.50361736
RNF128,,0,0,4.09606109
RNF139,,0,0,4.04421222
RNF166,,0,0,4.289791
RNF170,,0,0,4.04421222
RNF185,,0,0,4.04421222
RNF19B,,0,0,4.19533762
RNF2,-0.316111372,0,0,3.73633441
RNF20,,0,0,3.97990354
RNF31,-0.515873282,0,0,3.79702572
RNF32,,0,0,4.11173633
RNF4,,0,0,3.99236334
RNF41,,0,0,4.09606109
RNF5,,0,0,4.04421222
ROBO2,,0,0,4.31752412
RP9,,0,0,4.25763666
RPA1,,0,0,4.28336013
RPA2,,0,0,4.28336013
RPA3,,0,0,4.28336013
RPAP1,-0.804527846,0,0,3.7568328
RPAP2,-0.938180516,0,0,3.90273312
RPAP3,-0.767541811,0,0,3.90273312
RPGR,,0,0,4.27853698
RPGRIP1L,,0,0,4.04421222
RPL10,-0.173292778,0,0,3.80305466
RPL10A,,0,0,4.02733119
RPL13,,0,0,4.08641479
RPL15,,0,0,4.20377814
RPL17,,0,0,4.20377814
RPL21,,0,0,4.20377814
RPL23,,0,0,6.41800643
RPL23A,,0,0,4.20377814
RPL27A,,0,0,4.08641479
RPL31,,0,0,4.44533762
RPL36,,0,0,4.20377814
RPL4,-0.81082766,0,0,3.77733119
RPL6P1,,0,0,4.09606109
RPL7A,,0,0,4.20377814
RPLP0,,0,0,4.08641479
RPN1,,0,0,4.2335209
RPS17,,0,0,4.44533762
RPS27,,0,0,4.23874598
RPS5,,0,0,4.60691318
RPS6KA1,-0.979517855,0,0,3.96221865
RPS6KB1,,0,0,3.97990354
RPS6KB2,-1.582291208,0,0,3.67202572
RPS9,,0,0,4.81189711
RPUSD3,,0,0,3.81310289
RSC1A1,,0,0,3.81310289
RSF1,,0,0,4.1744373
RTKN,,0,0,4.12178457
RTN1,,0,0,5.16237942
RTN2,-0.019348046,21,1,4.16278135
RTN4,-0.296563434,21,0,4.05868167
RUVBL1,,0,0,4.60691318
RUVBL2,,0,0,4.60691318
RXRA,,0,0,4.289791
RYR2,,0,0,4.11173633
S100A10,,0,0,4.22909968
S100A3,,0,0,4.02733119
S100A7,,0,0,4.02733119
S100A9,,0,0,4.28898714
S100B,,0,0,4.35651125
SACS,0.301857491,9,0,3.7170418
SAMD3,,0,0,3.81310289
SAP30BP,,0,0,3.81310289
SAR1A,,0,0,3.99236334
SARNP,-0.709092175,27,0,3.78336013
SC5D,,0,0,4.81270096
SCAMP2,,0,0,4.81270096
SCAP,,0,0,4.04421222
SCARB2,,0,1,3.81310289
SCARNA22,-1.108375443,0,0,3.76045016
SCFD1,,12,0,5.62700965
SCGB1D1,,0,0,5.32234727
SCLT1,-0.459941048,0,0,3.8227492
SCLY,,0,0,4.02733119
SCML1,,0,0,5.28014469
SCN1A,,0,0,4.11173633
SCNN1A,,0,0,4.09606109
SCNN1B,,0,0,4.09606109
SCNN1G,,0,0,4.09606109
SCO1,,0,0,4.710209
SCO2,,0,0,4.710209
SCP2,,0,0,4.44533762
SDC1,,0,0,4.51366559
SDC2,-0.534269574,0,0,4.04823151
SDCBP,-0.259349584,0,0,4.03496785
SDCCAG3,,0,0,5.08882637
SDF2,,0,0,5.03094855
SDF4,0.05561844,13,0,4.23030547
SDR39U1,,0,0,3.81310289
SEC13,,0,0,4.02733119
SEC16A,,0,0,3.93609325
SEC23IP,,0,0,5.26004823
SEC24A,,0,0,4.02733119
SEC31A,,26,0,4.02733119
SEC31B,,0,0,3.95699357
SEC61B,,0,0,4.04421222
SEH1L,,0,0,3.95699357
SELENBP1,,0,0,4.02733119
SEMA3B,,0,0,4.50241158
SEMA4G,,0,0,3.99236334
SENP2,,0,0,4.4477492
SENP3,,0,0,4.32154341
Sep-09,,0,0,3.81310289
SERAC1,0.114495488,13,0,3.84405145
SERPINH1,,0,0,4.39107717
SERTAD3,,4,0,5.97186495
SERTAD4,,0,0,4.28898714
SET,,0,0,4.19533762
SETD2,-0.995755551,0,0,3.70176849
SF1,,0,0,3.99236334
SF3A2,,0,0,3.81310289
SF3B2,,0,0,5.01889068
SFN,,0,0,4.09606109
SFXN2,,0,0,4.68368167
SGK2,,0,0,3.95699357
SGMS1,,0,0,3.99236334
SH3BGR,,0,0,4.25763666
SH3BP4,,0,0,4.22909968
SH3GL2,,33,0,3.93609325
SH3GL3,-0.3103934,33,0,3.69855305
SH3KBP1,-0.982313072,0,0,3.77572347
SH3PXD2A,,0,0,4.12178457
SHFM1,,0,0,3.93609325
SHMT2,-0.480735728,0,0,4.12098071
SHQ1,,0,0,4.19533762
SIAH1,-0.803785737,0,0,3.88102894
SIKE1,,0,0,4.95458199
SIPA1L1,,0,0,4.12178457
SIRT1,,0,0,3.81310289
SIRT3,-0.528797674,0,0,3.79702572
SIRT4,,0,0,3.81310289
SIRT6,,0,0,3.95699357
SIRT7,-0.188683215,25,0,3.69533762
SIX5,,0,0,3.99236334
SKA1,,0,0,4.28898714
SKA2,,0,0,4.28898714
SKA3,,0,0,4.28898714
SKAP1,-0.526877065,0,0,3.85972669
SKI,,0,0,3.81310289
SKIV2L2,-1.010613378,0,0,4.01286174
SLA2,0.23895794,13,0,4.29903537
SLAMF1,,0,0,4.81189711
SLC15A1,-0.12478668,12,0,4.63022508
SLC16A2,,3,1,1
SLC18A1,,0,0,4.84364952
SLC19A2,,0,0,5.08882637
SLC1A4,0.208907735,5,0,4.24276527
SLC1A5,,0,0,5.62700965
SLC22A16,,0,0,5.62700965
SLC22A6,,0,0,5.62700965
SLC22A9,,0,0,5.62700965
SLC25A3,-0.698701245,0,0,4.02009646
SLC25A33,,0,0,3.81310289
SLC25A39,,0,0,3.81310289
SLC25A41,,0,0,3.81310289
SLC25A43,,0,0,3.81310289
SLC25A46,0.264373782,12,0,4.62741158
SLC25A51,,0,0,3.99236334
SLC27A2,,0,0,4.50241158
SLC2A12,,0,0,4.68368167
SLC33A1,0.342858809,147,1,3.5028135
SLC35B2,,0,0,4.81270096
SLC37A3,,0,0,5.62700965
SLC39A3,,0,0,4.81270096
SLC39A4,,5,0,5.24236334
SLC3A2,,0,0,4.1744373
SLC4A2,,0,0,3.99236334
SLC51A,,0,0,3.99236334
SLC5A8,,0,0,5.62700965
SLC6A13,,0,0,3.99236334
SLC6A4,0.10730971,6,0,4.60249196
SLC7A1,,0,0,4.50241158
SLC7A2,,0,0,5.08882637
SLC7A6OS,,0,0,4.60691318
SLC9A1,,0,1,4.73231511
SLC9A3R1,,0,0,4.25763666
SLC9A3R2,,0,0,4.58360129
SLIT3,,0,0,4.25763666
SLMAP,,0,0,4.95458199
SLU7,,0,0,3.95699357
SMAD1,,0,0,4.54622186
SMAD2,,0,0,4.54622186
SMAD3,,23,0,4.54622186
SMAD9,,0,0,4.54622186
SMARCA4,,0,0,4.60691318
SMARCA5,,0,0,4.60691318
SMARCC2,,0,0,3.99236334
SMC2,,0,0,4.28336013
SMEK1,,0,0,4.51366559
SMEK2,,0,0,4.25763666
SMIM3,,0,0,4.81270096
SMLR1,,0,0,4.81270096
SMN1,,0,0,4.93729904
SMS,,0,0,3.81310289
SMURF1,-1.448110421,0,0,3.74557878
SMURF2,-1.677833887,0,0,4.02491961
SNAP29,,0,0,5.64790997
SNCA,-0.050710042,6,0,4.06792605
SNCG,,6,0,5.60209003
SND1,,0,0,4.20377814
SNRPB,,0,0,4.28336013
SNRPD3,,0,0,4.20377814
SNRPN,,0,0,4.28336013
SNUPN,,0,0,4.50241158
SNW1,-0.974119051,0,0,3.63545016
SNX1,-0.064329097,21,0,4.18086817
SNX10,,0,0,4.4477492
SNX11,,0,0,4.4477492
SNX12,,0,0,4.4477492
SNX15,-0.256294043,20,0,4.10008039
SNX21,,0,0,3.97990354
SNX27,,0,0,4.22909968
SNX3,-0.549757972,0,0,3.9573955
SNX4,,0,0,4.4477492
SOAT1,,0,0,4.04421222
SOX2,,0,0,4.54622186
SP1,-0.375806891,0,0,3.7829582
SPA17,,0,0,4.71101286
SPACA1,,0,0,4.95659164
SPAG5,,0,0,5.38303859
SPAST,0.166381748,11,1,3.77290997
SPATS1,,0,0,4.68368167
SPEN,,0,0,3.99236334
SPG11,0.266058768,4,1,4.97226688
SPG20,,0,0,3.81310289
SPG21,0.121861892,22,1,3.35691318
SPG7,0.218653143,135,1,3.6840836
SPINK5,,0,0,4.02733119
SPP1,,0,0,4.09606109
SPPL2B,,0,0,4.11173633
SPRED2,,0,0,4.35651125
SPRTN,,0,0,4.1744373
SPRY1,-0.487294021,0,0,4.13826367
SPRY2,,0,0,4.289791
SPTAN1,,0,0,4.25763666
SQSTM1,-0.849654182,0,1,3.87178457
SRC,,0,0,4.09606109
SREBF1,-0.836740101,0,0,3.7335209
SREBF2,-0.836740101,0,0,3.7335209
SRGAP2,,0,0,4.12178457
SRI,,0,0,4.1744373
SRP68,,0,0,4.64951768
SRPRB,,0,0,4.04421222
SRRM1,,0,0,3.95699357
SRRM2,-1.582291208,0,0,3.67202572
SRRM4,,0,0,4.44533762
SRSF1,,0,0,4.44533762
SRSF12,,0,0,4.12178457
SRSF2,,0,0,3.95699357
SRSF3,,0,0,4.68368167
SSFA2,,0,0,4.46824759
SSR1,,0,0,3.95699357
SSSCA1,,0,0,3.95699357
SSX2IP,,0,0,5.38303859
ST13,,0,0,4.11173633
ST6GALNAC6,,0,0,3.99236334
ST8SIA4,,0,0,5.15353698
STAC2,,0,0,3.99236334
STAM,,0,0,4.09606109
STAM2,-0.495182772,0,0,3.75442122
STAMBP,,0,0,4.68368167
STAMBPL1,,0,0,4.11173633
STARD7,,0,0,4.710209
STAT3,,0,0,4.25763666
STAT5B,,0,0,4.02733119
STAT6,,0,0,4.09606109
STAU1,0.201957402,39,0,3.64067524
STAU2,,0,0,4.28336013
STK11,-1.097936774,0,0,4.0590836
STK24,,0,0,3.95699357
STK25,,0,0,4.95659164
STK3,-0.713102736,0,0,4.02733119
STOM,-0.696982123,0,0,3.94935691
STOML2,,0,0,4.710209
STRIP1,,0,0,4.95458199
STRN,-0.09658386,0,0,3.90554662
STRN3,,0,0,3.95699357
STRN4,-0.197284267,16,0,3.77974277
STUB1,-0.171229681,0,1,3.41237942
STX1A,0.123293431,14,0,5.36655949
STX1B,,0,0,5.64790997
STX4,,8,0,5.64790997
STXBP6,,0,0,5.03094855
STYX,,0,0,4.20377814
STYXL1,,0,0,4.39107717
SUCLA2,,0,0,4.4477492
SUGP2,,0,0,3.99236334
SUMF2,,0,0,4.44533762
SUMO1,-0.314697458,0,0,3.72869775
SUMO2,,0,0,4.46824759
SUPT20H,,0,0,3.99236334
SUPT3H,,29,0,4.46824759
SUPT6H,,0,0,4.19533762
SUV39H1,-0.968720837,0,0,4.52049839
SUV39H2,,18,0,4.60088424
SUZ12,-0.664418939,0,0,4.00482315
SV2A,,0,0,3.99236334
SYBU,,0,0,3.99236334
SYDE1,,0,0,4.12178457
SYNCRIP,,0,0,4.25763666
SYNE4,,0,0,4.93729904
SYNGR2,,0,0,5.08882637
SYNM,,0,0,4.28898714
SYPL2,,0,0,5.16237942
SYT1,,0,0,4.44533762
SYT12,,0,0,3.97990354
SYVN1,-0.381732912,37,0,3.70819936
SZRD1,,0,0,4.46463023
TACC1,,0,0,3.97990354
TACC3,,0,0,4.28336013
TACR1,,0,0,5.62700965
TADA2A,-0.462041399,0,0,4.43207395
TADA3,,0,0,4.46824759
TAF10,,0,0,4.46824759
TAF12,,0,0,4.46824759
TAF15,,0,0,4.44533762
TAF4,,0,0,3.97990354
TAF5L,,0,0,4.46824759
TAF6L,,0,0,4.46824759
TAF9,,0,0,4.46824759
TAGLN2,,0,0,4.50241158
TANGO2,,0,0,3.81310289
TAP1,,0,0,4.50241158
TARBP1,,0,0,4.19533762
TARDBP,-0.592119878,0,0,3.70377814
TARS,,0,0,3.95699357
TARSL2,,0,0,4.20377814
TATDN1,,0,0,4.09606109
TAZ,,0,0,3.81310289
TBC1D17,,0,0,3.95699357
TBC1D22B,,0,0,4.25763666
TBC1D25,,0,0,4.22909968
TBC1D5,,0,0,3.99236334
TBC1D9B,,0,0,4.51366559
TBK1,,0,0,4.95659164
TBL1Y,,0,0,3.95699357
TBP,,0,1,4.46824759
TBX15,,0,0,3.99236334
TCAP,,0,0,3.99236334
TCEANC,,0,0,3.99236334
TCEB2,,0,0,4.50241158
TCERG1,,0,0,3.97990354
TCF12,,0,0,4.35651125
TCF3,-0.724965262,0,0,3.97427653
TCF4,-0.494982894,0,0,3.95779743
TCF7L2,,0,0,4.11173633
TCHP,,0,0,4.51366559
TCOF1,,0,0,4.19533762
TCP1,-0.493804973,0,0,3.78858521
TCTA,,0,0,3.99236334
TCTN1,,0,0,4.04421222
TCTN2,0.203558946,26,0,4.02974277
TCTN3,0.03064135,19,0,4.05426045
TDO2,,0,0,5.38303859
TDP2,-0.749744645,0,0,3.76808682
TDRD7,,0,0,3.93609325
TEAD2,,0,0,4.54622186
TEAD3,,0,0,4.73231511
TECPR2,-0.151381127,19,0,5.11736334
TELO2,,0,0,4.44533762
TENC1,,0,0,4.289791
TERF1,,0,0,4.51366559
TERT,,0,0,3.95699357
TES,-0.775294202,0,0,4.06069132
TESK2,,0,0,4.12178457
TEX11,,0,0,4.1744373
TEX264,,0,0,4.49557878
TEX29,,3,0,1.75
TFAM,,0,0,4.4477492
TFAP2A,,0,0,4.95176849
TFAP4,,0,0,4.71101286
TFB1M,-0.113546647,0,0,3.77090032
TFG,0.292506728,230,1,3.02773312
TFIP11,,0,0,5.38303859
TGFBR1,,0,0,4.11173633
TGM2,,0,0,4.28336013
TGM4,,0,0,5.26004823
TGS1,,0,0,4.2335209
THBS3,-0.843684317,0,0,3.78737942
THEG,,0,0,3.95699357
THOC1,-1.206389064,0,0,4.08199357
THOC2,-1.206389064,0,0,4.08199357
THOC3,,0,0,3.95699357
THOC5,,0,0,4.31752412
THOC7,,0,0,4.28336013
THOP1,,0,0,3.81310289
THY1,,0,0,4.46824759
TIAM1,,0,0,4.12178457
TIMM13,,0,0,4.32154341
TIMM23,-0.903482246,0,0,4.11615756
TIMM50,,0,0,4.04421222
TIMMDC1,,0,1,4.2335209
TINAGL1,,0,0,4.25763666
TINF2,,0,0,4.27853698
TJP1,,0,0,4.27853698
TK1,-0.471891007,15,0,4.10892283
TKT,,0,0,3.97990354
TMCC2,,0,0,3.81310289
TMCO1,-0.790709856,0,0,3.96543408
TMED6,,7,0,5.15353698
TMEM128,,0,0,5.16237942
TMEM17,0.343854658,23,0,3.80466238
TMEM184B,,0,0,5.08882637
TMEM19,,0,0,4.81270096
TMEM216,-0.503674884,0,0,4.22508039
TMEM25,,0,0,4.81270096
TMEM259,,0,0,4.04421222
TMEM57,,0,0,4.50241158
TMEM63B,,0,0,4.04421222
TMEM67,,0,0,4.04421222
TMEM70,,0,0,3.81310289
TMPO,,0,0,4.73231511
TMPPE,,0,0,4.81270096
TMTC4,,0,0,6.41800643
TMUB1,,0,0,4.04421222
TMUB2,,0,0,4.04421222
TMX2,,0,0,3.99236334
TNFAIP1,,0,0,4.27853698
TNFRSF17,,0,0,4.710209
TNFRSF1A,,0,0,4.35892283
TNKS,,0,0,5.16237942
TNNT1,,0,0,4.23874598
TOLLIP,,0,0,3.99236334
TOMM20,,0,0,3.99236334
TOMM20L,,0,0,4.1744373
TOP1,,0,0,4.28898714
TOP1MT,,0,0,4.02733119
TOP2A,,0,0,4.02733119
TOX4,,0,0,3.99236334
TP53,0.094185327,0,0,3.49236334
TP53BP2,-0.239730322,15,0,4.38424437
TP53I11,,0,0,3.99236334
TP63,,0,0,4.71663987
TPM4,,0,0,4.50241158
TPSB2,,0,0,4.27853698
TRAF1,0.025895004,0,0,4.00120579
TRAF2,0.011132228,53,0,3.77290997
TRAF3,,0,0,4.02733119
TRAF3IP3,,0,0,3.95699357
TRAF6,-0.276135929,30,0,3.73593248
TRAFD1,,0,0,3.97990354
TRAK2,,0,0,4.93729904
TRAP1,,0,0,4.20377814
TRIB2,,0,0,3.81310289
TRIM23,-0.599262032,0,0,4.08360129
TRIM25,0.338706127,33,0,3.30064309
TRIM27,-0.801076417,0,0,4.15072347
TRIM28,-0.57985748,0,0,3.71824759
TRIM29,,0,0,4.71663987
TRIM32,,0,0,3.99236334
TRIM35,,0,0,4.289791
TRIM38,,0,0,3.99236334
TRIM42,,0,0,4.71663987
TRIM43,,0,0,3.81310289
TRIM54,-0.152932196,0,0,3.72307074
TRIM55,-1.753703947,0,0,3.93609325
TRIM63,-0.17851876,0,0,3.62741158
TRIM68,,0,0,4.02733119
TRIM9,,0,0,4.35651125
TRIP10,,0,0,3.97990354
TRIP12,,0,0,4.25763666
TRIP6,-0.071328452,15,0,3.82877814
TRMT11,,0,0,4.19533762
TRMT1L,,0,0,3.81310289
TRMT2B,,0,0,3.81310289
TRMT6,,0,0,4.23874598
TRMT61A,,0,0,4.23874598
TRMU,,0,0,3.81310289
TRRAP,,29,0,4.46824759
TRUB2,,0,0,3.81310289
TSC1,,0,0,3.99236334
TSC22D1,,0,0,4.44533762
TSC22D4,,9,0,4.71663987
TSEN2,,0,0,4.09606109
TSG101,0.253212334,27,0,3.6840836
TSNAX,,0,0,4.20377814
TSPAN17,-0.421317182,28,0,4.26768489
TSPAN5,,0,0,4.81270096
TSPAN7,,0,0,4.44533762
TSPYL6,-0.605165202,0,0,3.97347267
TSR1,,0,0,4.60691318
TSSC1,,0,0,3.95699357
TSSK6,,0,0,3.95699357
TTC19,,0,1,3.99236334
TTC23,,0,0,3.97990354
TTC27,,0,0,3.95699357
TTC39B,,0,0,3.81310289
TUBA1A,-0.931334183,0,0,3.70819936
TUBA1B,,0,0,4.11173633
TUBA1C,-0.21321516,0,0,3.57435691
TUBA3E,,0,0,4.27853698
TUBA4A,,0,0,4.27853698
TUBA8,,0,0,4.04421222
TUBB,-0.319709154,0,0,3.64991961
TUBB2B,,0,0,4.44533762
TUBB4A,0.267779746,234,1,3.27893891
TUBB4B,,0,0,3.81310289
TUBG1,-0.549514123,0,0,3.65393891
TUBGCP2,,0,0,4.27853698
TUBGCP3,,0,0,3.81310289
TUBGCP4,,0,0,4.51366559
TUBGCP5,,0,0,4.32154341
TUFM,-0.409880339,0,0,3.94493569
TWF1,,0,0,4.20377814
TXLNA,,0,0,4.23874598
TXNDC11,,0,0,4.46824759
TXNDC15,,0,0,4.35892283
TXNDC17,,0,0,4.71101286
TXNDC9,,0,0,3.95699357
TXNL1,,0,0,3.95699357
TYK2,,0,0,3.95699357
TYMS,,0,0,4.71101286
U2AF2,-0.939737128,0,0,3.585209
UBAC1,,0,0,3.97990354
UBAC2,,0,0,4.04421222
UBAP1,,0,0,4.71663987
UBAP2L,,0,0,3.99236334
UBB,,1,0,1.5
UBC,0.209141384,41,0,3.19413183
UBE2A,-0.426860026,0,0,4.01004823
UBE2E1,-0.810959611,31,0,3.75442122
UBE2E3,-0.995755551,0,0,3.70176849
UBE2G1,,0,0,4.09606109
UBE2I,0.146210987,0,0,3.58159164
UBE2K,0.00585906,0,0,3.91358521
UBE2L3,-0.407806744,0,0,4.01969453
UBE2N,-1.355752057,0,0,3.9738746
UBE2S,,0,0,4.1744373
UBE3A,,0,0,4.71663987
UBE4B,,0,0,4.1744373
UBL4A,-0.831110341,0,0,3.64710611
UBQLN1,-0.29966855,30,0,3.73593248
UBQLN2,-0.803785737,0,0,3.88102894
UBQLN4,-0.443441435,31,0,3.98030547
UBR2,,0,0,4.32154341
UBR4,,0,0,3.81310289
UBR5,,0,0,4.19533762
UBXN10,,0,0,4.71101286
UFD1L,,0,0,4.04421222
UHRF1BP1L,,0,0,3.99236334
UHRF2,,0,0,3.99236334
UIMC1,,0,0,4.19533762
ULK1,,0,0,3.97990354
UMAD1,,0,0,4.02733119
UMPS,,0,0,4.11173633
UNC13B,,0,0,4.19533762
UNK,0.101022903,0,0,3.24397106
UPF1,,0,0,4.28336013
UPF3A,,0,0,3.97990354
UPK1A,-0.023073249,7,0,4.65233119
UPP1,,0,0,4.71101286
UQCRC2,-0.182077513,0,0,3.98392283
UQCRQ,,0,0,4.2335209
URB1,,0,0,4.02733119
URI1,,0,0,4.60691318
UROD,,0,0,4.71101286
USE1,,0,0,4.81270096
USF1,,0,0,4.2335209
USH1C,,0,0,4.19533762
USHBP1,,0,0,5.38303859
USP1,,39,0,4.19533762
USP12,,39,0,4.19533762
USP13,,0,0,4.1744373
USP14,,0,0,3.97990354
USP15,,0,0,4.09606109
USP21,-0.498609797,0,0,3.78617363
USP22,-0.167884893,29,0,3.95096463
USP24,,0,0,4.50241158
USP28,,0,0,4.09606109
USP38,,24,0,4.28336013
USP46,,0,0,4.19533762
USP47,,0,0,5.01889068
USP5,,0,0,4.46463023
USP50,,0,0,4.2335209
USP54,,0,0,3.99236334
USP7,,0,0,3.99236334
USP8,0.270173415,87,0,3.09646302
UTP14A,,0,0,3.97990354
UTY,,0,0,4.31752412
UXT,,0,0,4.60691318
VAMP1,0.24470189,8,0,4.6483119
VAMP8,,0,0,4.09606109
VAPA,0.328165634,8,0,3.95297428
VAPB,,0,0,5.64790997
VARS,-0.150618562,0,0,3.94413183
VCAM1,-0.346036748,25,0,3.54139871
VCP,0.183054409,41,0,3.16840836
VDAC1,,0,0,4.04421222
VHL,,0,0,3.76969453
VIM,,0,0,4.25763666
VIPR2,,0,0,5.97186495
VPS16,,0,0,6.11696141
VPS18,-0.130461713,0,0,4.52411576
VPS26B,,0,0,4.93729904
VPS28,,27,0,4.71663987
VPS37A,0.088555339,27,0,3.7170418
VPS37C,,0,0,4.02733119
VPS41,,0,0,6.11696141
VPS4B,,0,0,4.09606109
VPS52,,0,0,4.44533762
VSIG1,,0,0,4.35892283
VSIG4,,0,0,4.35892283
VSIG8,,0,0,4.02733119
VSNL1,,0,0,3.99236334
VSTM2L,,0,0,3.99236334
VSX2,,0,0,4.19533762
VTA1,,0,0,4.77250804
VTN,,0,0,5.16237942
VWA5A,,0,0,4.95659164
VWF,-0.487294021,0,0,4.13826367
WARS,,0,0,4.46463023
WBP1,,0,0,4.44533762
WBSCR16,,0,0,3.99236334
WDR20,,0,0,4.19533762
WDR45,,0,0,4.77250804
WDR45B,0.124836203,27,0,3.71141479
WDR48,0.071473658,39,0,3.19573955
WDR70,,0,0,4.19533762
WDR76,-0.259240867,0,0,3.9107717
WDR77,,0,0,3.95699357
WDR82,,0,0,3.95699357
WDR83,,0,0,3.95699357
WDR86,,0,0,3.95699357
WDR92,-0.938180516,0,0,3.90273312
WDTC1,,0,0,3.95699357
WIPI2,,0,0,4.4477492
WNK1,,0,0,3.99236334
WNK2,,0,0,3.99236334
WRAP53,,0,0,3.95699357
WRN,,0,0,4.19533762
WWOX,,0,1,3.93609325
XAGE3,,0,0,3.97990354
XPNPEP1,,0,0,4.23874598
XPO1,0.231465028,24,0,3.65032154
XPR1,,0,0,4.35892283
XRCC3,-1.108375443,0,0,3.76045016
XRCC6,-1.674964542,0,0,3.87178457
XRN1,,0,0,3.95699357
YAP1,-0.195285338,15,0,3.93488746
YARS,,0,0,4.19533762
YARS2,,0,1,3.81310289
YBEY,-0.750875291,0,0,3.78416399
YEATS4,,0,0,3.93609325
YLPM1,-0.0158009,0,0,3.84485531
YME1L1,-0.124598849,0,0,3.9670418
YWHAB,-0.285437451,0,0,3.81229904
YWHAE,-0.136546652,0,0,3.58561093
YWHAG,-0.480664524,0,0,3.81913183
YWHAH,,0,0,4.22909968
YWHAQ,-0.155393446,0,0,3.75080386
YWHAZ,-0.337098707,32,0,3.81913183
YY1AP1,,0,0,3.99236334
ZAP70,,0,0,5.29863344
ZBTB14,,0,0,4.22909968
ZBTB2,,0,0,4.19533762
ZBTB21,-1.133206632,0,0,3.89951768
ZBTB22,,0,0,5.01889068
ZBTB32,,0,0,3.99236334
ZBTB33,,0,0,4.19533762
ZC3H10,,0,0,3.99236334
ZC3H7B,,0,0,3.99236334
ZC3HAV1,,0,0,4.28898714
ZCCHC13,,0,0,3.99236334
ZCCHC17,,0,0,4.44533762
ZCCHC8,,0,0,4.28898714
ZDHHC17,-0.607787881,35,0,3.92845659
ZEB2,0.17384712,23,0,3.54662379
ZFAND2B,,0,0,5.08882637
ZFC3H1,-0.880856725,0,0,3.87741158
ZFP36,,0,0,4.54622186
ZFYVE19,,0,0,3.97990354
ZFYVE21,,0,0,4.4477492
ZFYVE26,0.213066712,12,1,4.38344051
ZFYVE27,-0.067187211,37,0,4.0892283
ZHX1,,31,0,3.99236334
ZHX2,,0,0,3.99236334
ZHX3,,0,0,3.99236334
ZIC1,,0,0,4.25763666
ZMAT2,,0,0,3.97990354
ZNF136,,0,0,4.28898714
ZNF233,,0,0,4.44533762
ZNF263,,0,0,4.35651125
ZNF276,,0,0,3.99236334
ZNF318,,0,0,5.01889068
ZNF391,,0,0,4.4477492
ZNF451,,0,0,3.97990354
ZNF488,,0,0,3.99236334
ZNF576,,0,0,5.09003215
ZNF598,,0,0,4.50241158
ZNF609,,0,0,3.99236334
ZNF638,,0,0,4.12178457
ZNF639,,0,0,4.19533762
ZNF655,,0,0,3.97990354
ZNF746,,0,0,4.23874598
ZNF804A,,0,0,3.99236334
ZNHIT2,,0,0,4.60691318
ZNRD1,-0.106349604,9,0,3.9107717
ZNRF4,,0,0,4.49557878
ZRANB1,,0,0,4.32154341
ZSCAN1,,0,0,3.99236334
ZSWIM8,,0,0,3.99236334
ZW10,,0,0,4.50241158
ZXDC,,0,0,3.99236334
ZYX,,0,0,3.99236334
