,nodeID,log_bc_ratio,Module Appearance Score,Cluster Y/N,Average Shortest Path Length,overall_score
2165,TFG,0.292506728,230,1,3.02773312,320.2894603623
2288,TUBB4A,0.26777974600000004,234,1,3.27893891,319.216724068172
1953,SLC33A1,0.342858809,147,1,3.5028135000000002,307.04211228769384
35,AFG3L2,0.193167334,243,1,3.23392283,302.20457098881127
275,CAPN1,0.258389663,164,1,3.25803859,287.56563963812926
1086,KIF1A,0.372792644,85,1,3.29019293,286.2444539969909
2019,SPG7,0.218653143,135,1,3.6840836,271.61061162685456
222,BSCL2,0.24672687399999998,104,1,3.81310289,268.3943363171172
1153,LMNA,0.278007308,46,1,3.83038585,253.18615208742227
1318,MTPAP,0.261561689,48,1,3.95699357,251.57042725895047
2016,SPG11,0.266058768,4,1,4.97226688,250.4888914411843
59,ALDH18A1,0.212526893,95,1,3.32194534,247.86383143385098
1560,PLP1,0.217978968,65,1,3.95498392,246.8441246231484
90,AP4E1,0.24735692399999998,42,1,3.95217042,245.21577494740194
260,CACNA1A,0.289490026,19,1,3.44573955,239.16199353405779
663,ERLIN2,0.237108283,67,1,3.04461415,238.61390600116988
579,DSTYK,0.24540284199999998,26,1,3.81229904,235.9278801613525
961,HSPD1,0.217550534,79,1,2.81350482,234.70494479493078
2465,ZFYVE26,0.213066712,12,1,4.38344051,230.39158547701152
172,ATXN10,0.213595902,35,1,3.3914790999999997,224.54264721033127
184,B4GALNT1,0.20830177100000002,7,1,4.15393891,223.47989599393094
174,ATXN2,0.190462537,64,1,2.93649518,223.18220106102245
89,AP4B1,0.141325515,47,1,4.09043408,220.98523387084424
795,GBA2,0.21973920800000002,10,1,3.64991961,219.9292999318226
1088,KIF1C,0.077310353,113,1,3.31792605,218.93736681992573
1653,PSEN1,0.201684511,30,1,3.11213826,214.93740041098906
91,AP4M1,0.110181541,42,1,4.0192926,209.4649186313447
772,FXN,0.08564817,38,1,4.50401929,208.79046362273914
2013,SPAST,0.166381748,11,1,3.77290997,207.94424951997837
1587,POLR3A,0.131449483,28,1,3.60731511,202.98954624696728
27,ADAR,0.242999788,208,0,3.28376206,201.94517027253454
235,C12orf65,0.122282894,2,1,4.1812701,198.77394613798202
1092,KIF5A,0.11404885,15,1,3.93770096,198.11990369638443
527,DDHD2,0.100542799,10,1,4.26045016,197.46815895921395
2018,SPG21,0.121861892,22,1,3.35691318,194.0470278777976
1453,OPA3,0.021787924,73,1,3.71061093,193.70129903231128
681,FA2H,0.095907479,0,1,4.31390675,192.94244406510808
92,AP4S1,0.06668972299999999,18,1,3.73271704,183.45670470870937
171,ATXN1,0.33463677399999997,105,0,2.99276527,179.60549239399904
57,ALB,0.34462244399999997,33,0,4.21583601,171.7113389045086
1842,RTN2,-0.019348046,21,1,4.16278135,168.31291834323952
526,DDHD1,-0.006432981999999999,0,1,4.28054662,164.97027238353542
103,APP,0.348354537,44,0,3.31913183,163.26751214957892
2194,TMEM17,0.343854658,23,0,3.80466238,160.9835942494312
176,ATXN3,0.03435823,0,1,3.17483923,158.6841306726862
1110,KRAS,-0.016312731,11,1,3.65836013,157.1524330994745
2369,USP8,0.270173415,87,0,3.09646302,156.52180170887988
2238,TRIM25,0.338706127,33,0,3.30064309,155.8645432394365
613,EGFR,0.304333349,53,0,3.35610932,155.73887654139975
477,CRYL1,0.33899214,4,0,3.97588424,154.52815056786852
2375,VAPA,0.328165634,8,0,3.95297428,152.913114306247
274,CANX,0.299118482,23,0,3.74196141,148.00635626079605
1949,SLC25A46,0.264373782,12,0,4.62741158,147.95583596086388
967,HTT,0.20621488600000001,109,0,2.98030547,146.60883370043348
635,ELAVL1,0.265225838,34,0,3.69895498,142.77146120919022
1853,SACS,0.30185749100000003,9,0,3.7170417999999996,142.59149011189163
1522,PGAP1,0.267584302,7,0,4.3227492,142.0124367747768
1425,NTRK1,0.254366767,72,0,2.80707395,141.5998797768218
2373,VAMP1,0.24470189,8,0,4.6483119,141.35849751760145
350,CDK2,0.301044231,2,0,3.56069132,137.05655602074899
2267,TSG101,0.253212334,27,0,3.6840836,136.43651936242793
1933,SLA2,0.23895794,13,0,4.29903537,136.43318685280911
1767,REEP2,-0.12419385,0,1,4.42524116,135.63594253045645
74,AMPD2,0.24878593899999998,23,0,3.51406752,130.95401954349262
2426,XPO1,0.23146502800000002,24,0,3.65032154,128.84227938793495
347,CDK16,0.17971989600000002,72,0,3.22950161,128.15809630894225
2144,TCTN2,0.20355894600000002,26,0,4.02974277,128.09146370737326
1423,NT5C2,0.212389935,41,0,3.46503215,127.83432963919938
119,ARL6IP1,0.209355335,43,0,3.44815113,127.58033078589347
2059,STAU1,0.20195740199999998,39,0,3.64067524,126.94952641570384
177,ATXN7,0.22151041800000001,29,0,3.46864952,125.39895062918069
1325,MYC,0.260654917,5,0,3.42524116,125.34639575794293
1939,SLC1A4,0.208907735,5,0,4.24276527,124.20341585925473
2311,UBC,0.20914138399999999,41,0,3.19413183,122.74197814884127
2072,STX1A,0.123293431,14,0,5.36655949,122.4514762732689
1083,KIDINS220,0.203566567,28,0,3.35932476,118.47066143426588
2379,VCP,0.18305440899999997,41,0,3.16840836,115.34345937898843
2459,ZEB2,0.17384712,23,0,3.54662379,111.35927288443636
655,ERBB2,0.11159255800000001,30,0,4.42242765,111.18645883306539
68,ALS2,-0.22111641199999998,17,1,4.03135048,110.49549836393838
314,CCT5,0.186684756,34,0,2.9573955,110.148800059108
747,FN1,0.177970515,25,0,3.32998392,109.9128998865248
268,CALR,0.092929057,22,0,4.79662379,108.71828586104857
2071,STUB1,-0.17122968100000002,0,1,3.41237942,107.23722292917545
241,C19orf12,-0.22212101,2,1,4.14590032,105.83799947956777
1212,MARS,0.142965846,36,0,3.23914791,103.63446853120513
1963,SLC6A4,0.10730971,6,0,4.60249196,102.9666715795922
2408,WDR45B,0.124836203,27,0,3.71141479,102.42603412379572
1724,RAD23A,0.160747386,0,0,3.80064309,102.33822177346369
304,CCDC8,0.166692714,0,0,3.66881029,101.87892180908106
1125,L1CAM,0.150392185,17,0,3.46221865,101.28332293082224
993,IKBKG,0.145542372,0,0,3.85972669,99.18013428044026
855,GRB2,0.13166946300000001,26,0,3.35651125,98.31769399971496
1896,SERAC1,0.114495488,13,0,3.84405145,95.95749890627195
2316,UBE2I,0.146210987,0,0,3.58159164,95.02581997374837
2388,VPS37A,0.088555339,27,0,3.7170417999999996,92.78152603060623
158,ATP5F1,0.130743091,0,0,3.69975884,92.7178066938107
49,AIMP1,0.101157557,36,0,3.20418006,91.87473769846464
1571,PNPLA6,0.085812731,28,0,3.49598071,89.01296730883315
522,DCTN1,-0.30251421300000003,14,1,3.97829582,86.59967226989352
1880,SDF4,0.05561844,13,0,4.23030547,86.18227428667171
1677,PTEN,-0.268885423,0,1,3.68207395,85.24365052801305
2409,WDR48,0.071473658,39,0,3.19573955,85.01521626796865
2229,TRAF2,0.011132228000000001,53,0,3.77290997,83.58319385865133
1506,PDDC1,0.040608881,16,0,4.2170418,83.18393008795934
1465,P2RX2,-0.0068531519999999995,26,0,4.70940514,82.23926630722771
19,ACTN1,0.023092316,48,0,3.57315113,81.62134719351889
99,APLNR,0.036690112000000004,12,0,4.20377814,80.27998362953153
2222,TP53,0.094185327,0,0,3.49236334,79.67988307636486
2145,TCTN3,0.03064135,19,0,4.05426045,79.20842865557984
431,CLN8,0.027438804,16,0,4.18488746,79.15011241184474
2339,UNK,0.10102290300000001,0,0,3.24397106,77.64379256588265
1213,MARS2,-0.363534255,38,1,3.58400322,73.96431848121827
682,FAF2,0.009170963,28,0,3.84525723,73.8962816390962
1487,PCDH12,-0.069684509,19,0,5.41840836,73.55146479358864
326,CD79B,0.030021864,0,0,4.17282958,73.07076905964723
1197,MAP1LC3A,0.028196419,7,0,3.93287781,71.72303236133183
1035,ITGAV,-0.013964778999999998,17,0,4.28778135,70.05851098092513
590,DYNLL1,0.021175394,0,0,4.12258842,69.91492641599015
649,EP300,-0.37858894200000004,23,1,3.9573955,69.57101060757968
2228,TRAF1,0.025895004,0,0,4.00120579,69.28965874187793
496,CUL3,0.07084326099999999,0,0,3.22106109,69.19127133263231
2342,UPK1A,-0.023073249,7,0,4.65233119,69.18008754578517
482,CSNK2B,0.040160256,0,0,3.7170417999999996,68.68864508607534
887,HDAC1,0.038736627,0,0,3.59083601,66.34032991853996
722,FBXO6,0.042395124000000006,0,0,3.38866559,64.17165564254017
782,GAD1,-0.074993745,22,0,4.7664791,63.2040376800816
1040,ITM2B,-0.062498164,7,0,4.91800643,62.74405517593779
219,BRCA1,-0.010586055,32,0,3.36012862,62.68377068739128
2317,UBE2K,0.00585906,0,0,3.91358521,62.549873714460674
1678,PTGDS,-0.022252235,25,0,3.71221865,62.15968228487895
1482,PARK2,-0.34739480100000003,0,1,3.54983923,62.12348183285647
1535,PICK1,-0.057066118,38,0,3.93729904,61.67781841910198
2466,ZFYVE27,-0.067187211,37,0,4.089228299999999,60.91859121570334
201,BCL11B,-0.131853326,72,0,4.05426045,57.430640484089494
485,CTBP1,-0.04776421,23,0,3.84485531,56.559794380028706
1998,SNX1,-0.064329097,21,0,4.18086817,56.52876137442382
2436,YLPM1,-0.0158009,0,0,3.84485531,55.668792233295
773,FXR2,-0.08972372599999999,41,0,3.97990354,54.81595311249286
1501,PDCD1,-0.073492414,12,0,4.43488746,54.324953662998496
1660,PSMB1,-0.036243053,14,0,3.72146302,54.02399546641179
1766,REEP1,-0.037383426000000004,0,0,4.06913183,53.373862677533
962,HSPE1,-0.013451787,0,0,3.63223473,52.98605577374564
1990,SNCA,-0.050710042000000004,6,0,4.06792605,52.24940443736519
1031,IST1,-0.041404985,11,0,3.70980707,51.22314858224605
336,CDC73,-0.021740405,0,0,3.64268489,50.925495803538325
1455,OPRM1,-0.057378307999999996,12,0,3.92122186,50.64398518520084
1223,MBP,-0.069817657,16,0,3.94573955,49.335288740209165
1278,MOV10,-0.025021984,0,0,3.46382637,47.2584029229512
2151,TECPR2,-0.151381127,19,0,5.11736334,46.94607218984339
2254,TRIP6,-0.071328452,15,0,3.82877814,46.69610722518491
456,COX15,-0.419030411,0,1,3.77170418,46.36445584680127
1656,PSMA3,-0.058522650999999995,9,0,3.69252412,45.539075657076424
1935,SLC15A1,-0.12478668,12,0,4.63022508,43.60907780671835
890,HDAC2,-0.07968489299999999,0,0,4.14348875,43.185245986075714
1623,PPP2R2C,-0.107310259,34,0,3.60731511,41.41242313237474
470,CRMP1,-0.060423672000000005,0,0,3.66680064,40.92462964810744
892,HDAC4,-0.10454784,23,0,3.69975884,39.06706176680118
338,CDH1,-0.10913062,30,0,3.54662379,38.33238739389842
1569,PNMA1,-0.100045085,0,0,4.17765273,38.25602784583015
1622,PPP2R2B,-0.10287093900000001,34,0,3.28938907,37.64959411339795
2489,ZNRD1,-0.106349604,9,0,3.9107717000000006,36.1102551884131
2385,VPS18,-0.130461713,0,0,4.52411576,35.49519682433537
735,FGFR1,-0.151020791,17,0,4.41881029,35.33541701605649
1228,MCM2,-0.065724919,0,0,3.38987138,35.18771352028814
2068,STRN,-0.09658386,0,0,3.90554662,34.94475687834121
54,AKT1,-0.512893015,22,1,4.04702572,34.5295494606567
1073,KHDRBS2,-0.09062227199999999,0,0,3.76728296,34.38961831444428
859,GRN,-0.487294021,0,1,4.13826367,33.764463261905505
674,EWSR1,-0.137538636,26,0,3.70096463,31.470780212494184
1694,PTPRN,-0.165107927,16,0,4.29863344,29.272586614493243
2359,USP22,-0.167884893,29,0,3.95096463,28.460387676945643
2437,YME1L1,-0.124598849,0,0,3.9670417999999996,28.388024709821963
2164,TFB1M,-0.11354664699999999,0,0,3.77090032,28.29661742900477
21,ACTN4,-0.198481342,38,0,4.214228299999999,28.05868142694608
474,CRY2,-0.096728905,0,0,3.38384244,26.77709167489557
223,BSG,-0.16952094,14,0,4.24839228,26.482954197347034
1406,NOTCH1,-0.13982557699999998,0,0,3.89549839,23.188791883982894
161,ATP5O,-0.1798293,20,0,4.00763666,22.435665016045185
1445,NXF1,-0.121785984,0,0,3.5329582000000004,22.379036436606995
1708,RAB14,-0.172157449,0,0,4.32676849,21.235597741153384
2377,VARS,-0.15061856199999998,0,0,3.94413183,21.051386278164678
1218,MATN2,-0.141151387,0,0,3.77813505,21.00449188516157
609,EFEMP2,-0.141151387,0,0,3.77813505,21.00449188516157
398,CHMP1B,-0.160371575,11,0,3.7994373,20.707423111547975
884,HAX1,-0.173988521,17,0,3.82717042,19.955986814249222
2439,YWHAE,-0.136546652,0,0,3.58561093,19.239942389721335
504,CYLD,-0.126966029,0,0,3.41881029,19.2109548545179
1166,LRP1,-0.19393374100000002,19,0,4.00120579,18.1404872021417
775,G3BP1,-0.137555175,0,0,3.49276527,17.522767196062148
1925,SIRT7,-0.188683215,25,0,3.69533762,17.252272085064277
2247,TRIM54,-0.152932196,0,0,3.72307074,16.986375326235496
957,HSPA8,-0.131394926,0,0,3.34405145,16.858092939218828
2442,YWHAQ,-0.155393446,0,0,3.75080386,16.75826999842463
661,ERGIC3,-0.23158911699999998,12,0,4.73110932,16.531683854266554
1232,MCPH1,-0.144542165,0,0,3.54581994,16.475191043110577
2431,YAP1,-0.195285338,15,0,3.93488746,15.098520004898496
956,HSPA5,-0.21068838199999998,37,0,3.54823151,13.995669486898592
2344,UQCRC2,-0.182077513,0,0,3.98392283,13.232649979792377
346,CDK13,-0.21565665899999997,14,0,4.1840836,13.105244915654808
399,CHMP2A,-0.189263121,11,0,3.7994373,12.957391970912056
1003,ILK,-0.170423412,0,0,3.76165595,12.895635380970702
1814,RPL10,-0.173292778,0,0,3.80305466,12.77098049313404
2070,STRN4,-0.19728426699999999,16,0,3.77974277,12.556504058083306
500,CUL7,-0.156047507,0,0,3.47427653,12.27420377278196
2223,TP53BP2,-0.239730322,15,0,4.38424437,10.177849948565573
974,ICAM2,-0.25943202600000004,21,0,4.56109325,10.11760073182613
2249,TRIM63,-0.17851876,0,0,3.62741158,8.632410285168454
1758,RBPMS,-0.22838272199999998,31,0,3.62178457,7.926146359603308
530,DDX17,-0.17750389,0,0,3.55064309,7.708502429816377
70,AMFR,-0.236379523,37,0,3.48874598,6.1772793229016045
306,CCNDBP1,-0.252544003,33,0,3.80586817,5.136269884572187
1315,MTNR1A,-0.267281313,10,0,4.61655949,4.34954326386368
445,COG6,-0.239730322,0,0,4.38424437,4.005010442392731
150,ATP1B4,-0.309919063,28,0,4.84686495,3.907987048860633
2002,SNX15,-0.256294043,20,0,4.10008039,3.364712138251413
828,GNB2,-0.229495277,0,0,4.15675241,3.2059274442468393
893,HDAC5,-0.19967490100000002,0,0,3.55466238,1.8238506865009185
1508,PDHA1,-0.222037349,0,0,3.91237942,1.3988688606666884
1127,LAMB1,-0.20852367,0,0,3.66117363,1.1097760914463564
1381,NF2,-0.216873531,0,0,3.77652733,0.6673070391261859
488,CTNNB1,-0.265783842,30,0,3.78376206,0.00573405786963832
1654,PSEN2,-0.278717312,30,0,3.914791,-1.4220296482828374
2282,TUBA1C,-0.21321516,0,0,3.57435691,-1.5014010358237826
789,GAPDH,-0.20180579,0,0,3.33882637,-2.110726896971201
919,HIVEP1,-0.231749394,0,0,3.8420417999999996,-2.302286705089209
225,BTG3,-0.231749394,0,0,3.8420417999999996,-2.302286705089209
42,AGTRAP,-0.276076545,22,0,4.01768489,-2.4026300914691703
1572,POC1A,-0.238479157,0,0,3.92041801,-2.8863238126471913
1173,LSM12,-0.257624808,14,0,3.86133441,-3.181335437657225
2232,TRAF6,-0.276135929,30,0,3.73593248,-3.5164085565417125
1367,NDUFS8,-0.6164293789999999,0,1,3.914791,-4.357496961279651
1005,IMMT,-0.227843944,0,0,3.61334405,-4.8180435512917725
494,CUL1,-0.227966652,0,0,3.58159164,-5.345698891307343
1074,KHDRBS3,-0.245063344,0,0,3.81149518,-6.349647539340076
836,GOLGA6L5P,-0.245063344,0,0,3.81149518,-6.349647539340076
437,CMTM5,-0.291753932,22,0,4.01768489,-6.608020742900585
0,AARSD1,-0.263763082,0,0,4.11374598,-6.656351879714606
1877,SDCBP,-0.25934958399999997,0,0,4.03496785,-6.699905131697413
1030,ISLR,-0.263251825,0,0,4.0494373,-7.521213402533142
1843,RTN4,-0.29656343399999996,21,0,4.05868167,-7.67089381689636
1182,LZTS2,-0.245817173,0,0,3.73673633,-7.716688656322717
1396,NME7,-0.30970029,20,0,4.285771700000001,-8.067994127204244
464,CREBBP,-0.681605683,35,1,3.87178457,-8.10755408569149
2411,WDR76,-0.259240867,0,0,3.9107717000000006,-8.605862644363384
2324,UBQLN1,-0.29966855,30,0,3.73593248,-9.828931450636134
1151,LLGL1,-0.261116673,0,0,3.84967846,-10.060943107927663
1912,SH3GL3,-0.31039340000000004,33,0,3.69855305,-12.053672728450309
1741,RAPGEF2,-0.276867453,0,0,3.95458199,-12.65150218176467
403,CHMP4B,-0.298723064,11,0,3.97909968,-13.605411382356955
12,ACSF2,-0.30336146399999997,21,0,3.74356913,-14.404255336810778
918,HIST2H2BE,-0.268885423,0,0,3.68207395,-14.756349471986951
1112,KRT31,-0.268885423,0,0,3.68207395,-14.756349471986951
953,HSP90B1,-0.283112442,0,0,3.81792605,-16.4559516138496
2438,YWHAB,-0.285437451,0,0,3.81229904,-17.167300488696206
273,CAND1,-0.26632132399999997,0,0,3.46824759,-17.400204329079777
2443,YWHAZ,-0.33709870700000005,32,0,3.81913183,-17.750019886816666
230,BZRAP1,-0.304508517,0,0,4.06993569,-18.268752257929258
577,DSG4,-0.34296584399999996,26,0,4.00602894,-18.88091537783388
977,ICT1,-0.281800436,0,0,3.62700965,-19.078711148782283
1042,ITSN1,-0.33006628600000004,15,0,4.00643087,-19.941151668676333
1723,RAD21,-0.349303729,25,0,3.94011254,-22.019602134633843
1717,RAB5C,-0.32890623,0,0,4.21583601,-22.540035736581217
553,DKKL1,-0.32890623,0,0,4.21583601,-22.540035736581217
435,CLTC,-0.32890623,0,0,4.21583601,-22.540035736581217
1428,NUDT18,-0.353943258,20,0,4.10249196,-22.791688610578888
351,CDK5,-0.299449329,0,0,3.68086817,-22.973771338866044
1764,RCN1,-0.356271854,27,0,3.87741158,-24.0426798274328
591,DYNLL2,-0.37069739700000004,0,0,4.71623794,-25.95349022051674
1539,PIN1,-0.33006628600000004,0,0,4.00643087,-26.11399117484917
2081,SUMO1,-0.314697458,0,0,3.72869775,-26.318774954947372
1797,RNF2,-0.316111372,0,0,3.73633441,-26.579063176465183
625,EIF3A,-0.334886112,0,0,4.05184887,-26.69922323654702
2378,VCAM1,-0.34603674799999995,25,0,3.54139871,-27.355673644641982
1236,MDFI,-0.348141329,0,0,4.13987138,-28.8833843383684
2286,TUBB,-0.319709154,0,0,3.64991961,-28.890595524579915
2099,SYVN1,-0.38173291200000004,37,0,3.70819936,-29.39379426171078
94,AP5Z1,-0.7829778359999999,0,1,5.13705788,-29.989055121138975
1565,PML,-0.320815794,0,0,3.58440514,-30.208238467363117
642,EMILIN1,-0.400810574,10,0,4.693729900000001,-30.266693633527424
154,ATP5A1,-0.353018504,0,0,3.99919614,-32.38354899941492
1697,PUF60,-0.33717707700000005,0,0,3.70860129,-32.661960862973444
61,ALDOA,-0.33717707700000005,0,0,3.70860129,-32.661960862973444
1320,MTUS2,-0.349932996,0,0,3.88263666,-33.37200712122984
2269,TSPAN17,-0.421317182,28,0,4.26768489,-34.99837079687386
559,DNAAF2,-0.41031121600000003,17,0,4.30948553,-35.92151485803204
325,CD79A,-0.39817515700000006,0,0,4.49799035,-36.72483056319554
1033,ITGA4,-0.34603674799999995,0,0,3.54139871,-37.64373948826338
705,FANCG,-0.421129855,25,0,4.1483118999999995,-38.042658982416455
292,CBX4,-0.442651798,23,0,4.44734727,-39.979552903072175
1597,POM121,-0.379194545,0,0,3.89790997,-40.98331402965904
1727,RAD51,-0.39146416,0,0,4.0562701,-41.80714982094812
2009,SP1,-0.37580689100000003,0,0,3.7829582000000004,-41.865672814962274
1744,RARS,-0.443135228,36,0,3.86173633,-43.883935768813224
2326,UBQLN4,-0.443441435,31,0,3.98030547,-44.17624261180988
1252,METTL8,-0.386915031,0,0,3.74196141,-45.48416053730509
388,CFTR,-0.37470195799999995,0,0,3.51848875,-45.69002079021983
2318,UBE2L3,-0.407806744,0,0,4.01969453,-46.76086655827708
818,GIT1,-0.39943544299999995,0,0,3.8557074,-47.07041168685148
1174,LTBP1,-0.46385295600000004,19,0,4.43167203,-47.55700001513789
2295,TUFM,-0.409880339,0,0,3.94493569,-48.48192898989322
20,ACTN2,-0.400160516,0,0,3.75401929,-48.84932830371595
1561,PLSCR1,-0.41218509200000003,0,0,3.87299035,-50.22116094610025
341,CDH5,-0.430649469,0,0,4.1153537,-51.39784680505369
2312,UBE2A,-0.426860026,0,0,4.01004823,-52.02212687823856
452,COPS6,-0.42514887799999995,0,0,3.94292605,-52.6089604764705
151,ATP2A2,-0.425755915,0,0,3.93850482,-52.84068340511075
1617,PPP2CA,-0.41367634700000006,0,0,3.70578778,-53.226393977090794
2104,TADA2A,-0.46204139899999996,0,0,4.43207395,-54.88372541535804
833,GOLGA2,-0.46204139899999996,0,0,4.43207395,-54.88372541535804
2188,TK1,-0.47189100700000003,15,0,4.10892283,-56.38807033130385
1111,KRT15,-0.461434146,0,0,4.30868167,-56.64342759252294
840,GOLT1B,-0.442671634,0,0,3.94614148,-57.25926317274609
242,C19orf43,-0.46011834,0,0,3.98874598,-61.27543829481059
971,IARS,-0.509586158,36,0,3.80948553,-62.523235966295836
1456,OPTN,-0.45894831799999997,0,0,3.84606109,-63.184781431593954
968,HUWE1,-0.438044186,0,0,3.45940514,-63.601888363384454
1865,SCLT1,-0.45994104799999996,0,0,3.8227491999999996,-63.814303264357584
1916,SHMT2,-0.480735728,0,0,4.12098071,-64.74559186447472
1614,PPP1R12C,-0.487294021,0,0,4.13826367,-66.2355367380945
1244,MEGF6,-0.487294021,0,0,4.13826367,-66.2355367380945
608,EFEMP1,-0.487294021,0,0,4.13826367,-66.2355367380945
1045,JAG2,-0.487294021,0,0,4.13826367,-66.2355367380945
1048,KALRN,-0.487294021,0,0,4.13826367,-66.2355367380945
1375,NELL1,-0.487294021,0,0,4.13826367,-66.2355367380945
41,AGRN,-0.487294021,0,0,4.13826367,-66.2355367380945
1376,NELL2,-0.487294021,0,0,4.13826367,-66.2355367380945
1245,MEGF8,-0.487294021,0,0,4.13826367,-66.2355367380945
467,CRIM1,-0.487294021,0,0,4.13826367,-66.2355367380945
2025,SPRY1,-0.487294021,0,0,4.13826367,-66.2355367380945
1176,LTBP4,-0.487294021,0,0,4.13826367,-66.2355367380945
2402,VWF,-0.487294021,0,0,4.13826367,-66.2355367380945
2028,SQSTM1,-0.849654182,0,1,3.87178457,-67.58912281129538
1618,PPP2CB,-0.473124765,0,0,3.77049839,-68.16490617221619
2197,TMEM216,-0.5036748839999999,0,0,4.22508039,-69.27692634977531
2440,YWHAG,-0.480664524,0,0,3.81913183,-69.42964809961697
312,CCT3,-0.48271033,0,0,3.83440514,-69.74045070946886
2137,TCF4,-0.494982894,0,0,3.95779743,-71.10991714839547
1369,NEDD4,-0.5247832139999999,0,0,4.41197749,-72.02706970848355
809,GGA2,-0.481733467,0,0,3.58480707,-73.36743951756526
2141,TCP1,-0.493804973,0,0,3.78858521,-73.4304680477231
311,CCT2,-0.49385067,0,0,3.78858521,-73.44272606856539
1189,MAGED1,-0.506277492,0,0,3.98191318,-73.76389236034521
2052,STAM2,-0.49518277200000005,0,0,3.75442122,-74.33237129109968
517,DCAF8,-0.50453196,0,0,3.90675241,-74.46675317628663
2358,USP21,-0.498609797,0,0,3.78617363,-74.75691633838574
1248,METTL20,-0.49789855200000005,0,0,3.76286174,-74.92935431302473
954,HSPA1A,-0.486398207,0,0,3.56069132,-74.9944870824491
851,GPRASP1,-0.50933387,0,0,3.95297428,-75.03465412020483
926,HMGA1,-0.506855406,0,0,3.90836013,-75.06495728068343
1242,MED31,-0.506855406,0,0,3.90836013,-75.06495728068343
1231,MCOLN3,-0.551084825,0,0,4.65233119,-75.3373720715165
992,IKBKE,-0.531911507,14,0,3.90434084,-76.08745537427775
839,GOLPH3L,-0.5167502,0,0,3.83842444,-78.80887193165464
1799,RNF31,-0.515873282,0,0,3.79702572,-79.21868268119636
1876,SDC2,-0.534269574,0,0,4.04823151,-80.23932954299727
1930,SKAP1,-0.526877065,0,0,3.85972669,-81.19344546219006
397,CHMP1A,-0.528373842,0,0,3.83721865,-81.94565078586052
1922,SIRT3,-0.528797674,0,0,3.79702572,-82.68559443710532
1611,PPP1CA,-0.5441686379999999,0,0,3.96463023,-84.19731537891637
2005,SNX3,-0.549757972,0,0,3.9573955,-85.80935533679376
31,ADRB2,-0.533353965,0,0,3.67403537,-85.82413222357056
931,HNRNPA1,-0.579490434,24,0,3.76045016,-86.97705262709144
2458,ZDHHC17,-0.607787881,35,0,3.92845659,-87.42323487448121
1314,MTMR9,-0.56765766,0,0,4.15755627,-87.49213108521512
1770,REEP6,-0.573981226,0,0,4.24799035,-87.77933199025759
952,HSP90AB1,-0.5384978579999999,0,0,3.59324759,-88.46272658864422
2290,TUBG1,-0.549514123,0,0,3.65393891,-90.47215029454031
1418,NRG1,-0.60401787,0,0,4.53416399,-91.3776127340574
1114,KRT40,-0.558905796,0,0,3.74075563,-91.63872018740716
1533,PIAS1,-0.55713983,0,0,3.63866559,-92.7556889992274
1415,NR4A1,-0.581247582,0,0,3.82154341,-96.37303927499275
2237,TRIM23,-0.5992620320000001,0,0,4.08360129,-97.12217051066074
1004,ILVBL,-0.588803454,0,0,3.87258842,-97.60452838069901
2240,TRIM28,-0.57985748,0,0,3.71824759,-97.60961941856789
453,COQ2,-0.9719900659999999,0,1,4.02491961,-98.01916794178575
1665,PSMC3,-0.589807795,0,0,3.85409968,-98.16201453046946
1345,NCAM1,-0.597676945,0,0,3.95618971,-98.68219835003386
726,FBXW7,-0.599584418,0,0,3.97186495,-98.94963119970458
824,GLS,-0.652152701,25,0,4.17885852,-99.53757746417048
2272,TSPYL6,-0.605165202,0,0,3.97347267,-100.42160200857535
104,APPBP2,-0.615586193,0,0,4.12540193,-100.84975290806602
2117,TARDBP,-0.592119878,0,0,3.70377814,-101.12440502194501
159,ATP5H,-0.617954503,0,0,3.96141479,-104.04015197882667
1117,KRTAP10-3,-0.609045065,0,0,3.7431672,-105.05078524060076
1383,NFATC2,-0.629863912,0,0,4.0659164,-105.60654242524339
797,GBP2,-0.629616964,0,0,3.94011254,-107.50047006584147
894,HDAC6,-0.621242665,0,0,3.7471864999999998,-108.26011284826768
234,C12orf10,-0.626377509,0,0,3.74356913,-109.69387517354598
847,GPN3,-0.64903685,0,0,4.11655949,-109.96052117289153
1328,MYEF2,-0.632998545,0,0,3.83601286,-110.02955842515044
846,GPN1,-0.6404904889999999,0,0,3.79541801,-112.67175465808018
1407,NOTCH2NL,-0.637284185,0,0,3.72146302,-112.9639823054732
715,FBXL12,-0.652671235,0,0,3.914791,-114.07921668491241
2088,SUZ12,-0.6644189389999999,0,0,4.00482315,-115.82768147575072
607,EEF2,-0.642161774,0,0,3.61615756,-115.91315573657147
566,DNAJB5,-0.724939201,19,0,4.39710611,-118.13082314641748
1669,PSMD2,-0.672786703,0,0,3.90393891,-119.64419137404124
1857,SARNP,-0.709092175,27,0,3.78336013,-120.15062224530442
739,FHL2,-0.6752216259999999,0,0,3.82676849,-121.49975368437649
1515,PEPD,-0.6752216259999999,0,0,3.82676849,-121.49975368437649
1268,MMGT1,-0.6870046329999999,0,0,3.98030547,-122.26820928615027
838,GOLPH3,-0.688243657,0,0,3.9642282999999994,-122.85107306295365
1666,PSMC5,-0.68297142,0,0,3.78818328,-124.17980452756944
250,C2orf47,-0.698701245,0,0,4.02009646,-124.78578454038305
1944,SLC25A3,-0.698701245,0,0,4.02009646,-124.78578454038305
2065,STOM,-0.696982123,0,0,3.94935691,-125.42684197707705
369,CEP128,-0.696982123,0,0,3.94935691,-125.42684197707705
105,AR,-0.7079110259999999,0,0,4.05827974,-126.66132822111953
955,HSPA4,-0.6756350640000001,0,0,3.47548232,-127.0841034616744
383,CERK,-0.718493438,0,0,4.1744373,-127.69014426387248
1667,PSMC6,-0.708105575,0,0,3.98271704,-127.89086983596532
2064,STK3,-0.713102736,0,0,4.02733119,-128.53619615491388
191,BAG3,-0.6979332909999999,0,0,3.75482315,-128.71305073506537
941,HNRNPR,-0.719706084,0,0,4.08762058,-129.3681366687531
965,HTR3C,-0.742044079,0,0,4.43327974,-129.97443486963928
1714,RAB3A,-0.721534572,0,0,4.06672026,-130.18427187439227
1738,RANBP9,-0.746688027,0,0,4.46101286,-130.78803941132418
319,CD109,-0.717435697,0,0,3.90916399,-131.5396763603466
2136,TCF3,-0.724965262,0,0,3.97427653,-132.54492025963197
322,CD4,-0.719950027,0,0,3.70900322,-135.33287185989866
594,ECH1,-0.732302696,0,0,3.9011254,-135.65293454273143
765,FPR2,-0.762046366,0,0,4.306270099999999,-137.31891889143378
1022,IPPK,-0.762046366,0,0,4.306270099999999,-137.31891889143378
548,DHX9,-0.7433932790000001,0,0,3.92524116,-138.25218346537855
185,B4GAT1,-0.759311121,0,0,4.19734727,-138.28234565127553
767,FTL,-1.100295434,0,1,3.64670418,-138.32955903174363
589,DUSP3,-0.78127993,20,0,3.99839228,-139.0448801203781
380,CEP70,-0.745732383,0,0,3.74879421,-141.6288864762558
430,CLN3,-0.755912631,0,0,3.92282958,-141.64802022820209
2147,TDP2,-0.749744645,0,0,3.76808682,-142.4045569613556
386,CFL1,-0.749744645,0,0,3.76808682,-142.4045569613556
2434,YBEY,-0.750875291,0,0,3.78416399,-142.45734682153764
783,GAD2,-0.7906542129999999,0,0,4.42845659,-143.08904147846863
1710,RAB2A,-0.7677229729999999,0,0,4.01165595,-143.43207484311776
2156,TES,-0.775294202,0,0,4.06069132,-144.69899592411906
1811,RPAP3,-0.767541811,0,0,3.90273312,-145.08062322247304
2313,UBE2E1,-0.8109596109999999,31,0,3.75442122,-146.28092875328161
1368,NEDD1,-0.769898793,0,0,3.83561093,-146.7587150969424
144,ATG5,-0.770949777,0,0,3.84043408,-146.96548668569355
880,HAP1,-0.8271175129999999,35,0,3.87178457,-147.14046751410126
371,CEP152,-0.791029725,0,0,4.17162379,-147.19152448148472
246,C1QBP,-0.768303533,0,0,3.77532154,-147.27017233533996
1077,KIAA1279,-0.770802647,0,0,3.76487138,-148.1033743997719
554,DLD,-0.791124148,0,0,4.03054662,-149.41499932557113
2239,TRIM27,-0.801076417,0,0,4.15072347,-150.2121570483969
2191,TMCO1,-0.790709856,0,0,3.96543408,-150.31839635966207
294,CBY1,-0.786149071,0,0,3.86053055,-150.72950461486172
124,ARSI,-0.8201209290000001,0,0,4.43046624,-150.96204677886877
489,CTNND1,-0.79198834,0,0,3.91117363,-151.50678499312207
1257,MID2,-0.8005371,0,0,4.03215434,-151.9149324780336
1281,MRAP2,-0.81299675,0,0,4.22829582,-152.2010669815441
923,HLA-DPA1,-0.81299675,0,0,4.22829582,-152.2010669815441
331,CDC20,-0.785019515,0,0,3.67202572,-153.36363050250614
1172,LRSAM1,-0.801339822,0,0,3.90072347,-154.17810487191736
156,ATP5C1,-0.841817864,0,0,4.56752412,-154.6466338373939
2325,UBQLN2,-0.803785737,0,0,3.88102894,-155.14107456632206
1918,SIAH1,-0.803785737,0,0,3.88102894,-155.14107456632206
1370,NEDD8,-0.794757534,0,0,3.63344051,-156.57701402594367
1809,RPAP1,-0.8045278459999999,0,0,3.7568328,-157.27526228493218
1129,LAMB3,-0.810090155,0,0,3.7857717000000006,-158.31642570351036
867,GSTK1,-0.810090155,0,0,3.7857717000000006,-158.31642570351036
1825,RPL4,-0.81082766,0,0,3.77733119,-158.64577115794486
1414,NR3C1,-0.81211792,0,0,3.789791,-158.79773945047455
195,BASP1,-0.816155961,0,0,3.82717042,-159.2985115172495
626,EIF3F,-0.816155961,0,0,3.82717042,-159.2985115172495
451,COPS5,-0.818947767,0,0,3.63625402,-163.0221007134027
499,CUL5,-0.837234446,0,0,3.93689711,-163.2430537699746
984,IFI16,-0.841013997,0,0,3.94453376,-164.1379139496382
122,ARRB2,-0.849412541,0,0,4.06752412,-164.4744539651764
497,CUL4A,-0.8219608190000001,0,0,3.56270096,-164.97638093185566
228,BTRC,-0.838972121,0,0,3.83561093,-165.28733391807987
1032,ITCH,-0.838141432,0,0,3.76889068,-166.10408426443425
2323,UBL4A,-0.8311103409999999,0,0,3.64710611,-166.11556993927763
2030,SREBF1,-0.836740101,0,0,3.7335209000000003,-166.27928562230545
2031,SREBF2,-0.836740101,0,0,3.7335209000000003,-166.27928562230545
827,GNB1,-0.846432121,0,0,3.89710611,-166.33027998302995
629,EIF4E,-0.839086482,0,0,3.73512862,-166.88364194037098
958,HSPA9,-0.839086482,0,0,3.73512862,-166.88364194037098
165,ATP6V1A,-0.839086482,0,0,3.73512862,-166.88364194037098
2171,THBS3,-0.843684317,0,0,3.78737942,-167.30286291907336
1179,LYPD4,-0.875282854,0,0,4.28737942,-167.9884514196006
852,GPRASP2,-0.8567521579999999,0,0,3.92323151,-168.69152077654562
1147,LGR4,-0.8500408709999999,0,0,3.7733119,-169.2271691041721
1352,NCOR1,-0.8419285259999999,0,0,3.61334405,-169.54355299562508
1068,KDM1A,-0.940896112,27,0,4.54180064,-170.51363212262186
891,HDAC3,-0.8750431609999999,0,0,3.79782958,-175.55191034237535
2461,ZFC3H1,-0.880856725,0,0,3.87741158,-175.8713934564734
1715,RAB3IP,-0.885518982,0,0,3.89790997,-176.80263481003368
1093,KIF5B,-0.900495972,0,0,4.09927653,-177.68262196399257
2182,TIMM23,-0.9034822459999999,0,0,4.11615756,-178.22065086463397
746,FLOT2,-0.888790952,0,0,3.8392282999999994,-178.5946551105332
1671,PSME3,-0.9017651390000001,0,0,4.05707395,-178.6806357230742
498,CUL4B,-0.898882375,0,0,3.90755627,-180.23700610237407
1448,OBSL1,-0.8932563170000001,0,0,3.62821543,-183.0802955668019
1122,KRTAP5-9,-0.90083268,0,0,3.75522508,-183.133663906908
1205,MAPK6,-0.90083268,0,0,3.75522508,-183.133663906908
481,CSNK2A2,-0.964030342,32,0,3.95377814,-183.82374922498389
1274,MOB4,-0.9134912279999999,0,0,3.9079582000000004,-184.14950463448682
571,DOCK5,-0.9163545209999999,0,0,3.85409968,-185.75674883000138
665,ESR1,-0.911479898,0,0,3.71141479,-186.6723489142797
970,HYPM,-0.9122539820000001,0,0,3.70176849,-187.03029413556666
1351,NCOA4,-0.923049433,0,0,3.75120579,-189.15583616197597
2086,SUV39H1,-0.968720837,0,0,4.52049839,-189.4205181115744
1305,MTA2,-0.9955397159999999,23,0,4.36334405,-189.59819207970733
1718,RAB7A,-0.940460662,0,0,4.01205788,-189.76194360638775
2416,WDR92,-0.938180516,0,0,3.90273312,-190.85371122364074
1810,RPAP2,-0.938180516,0,0,3.90273312,-190.85371122364074
2280,TUBA1A,-0.9313341829999999,0,0,3.70819936,-192.04827436428695
1781,RHEB,-0.9398506990000001,0,0,3.78376206,-193.15543792326972
2305,U2AF2,-0.939737128,0,0,3.585209,-196.2186604564431
1247,METTL17,-0.939737128,0,0,3.585209,-196.2186604564431
1633,PRDM1,-0.939737128,0,0,3.585209,-196.2186604564431
764,FOXS1,-0.9765551370000001,0,0,4.12580386,-197.67183444150004
758,FOXI2,-0.9765551370000001,0,0,4.12580386,-197.67183444150004
1749,RBBP7,-0.9955397159999999,0,0,4.36334405,-199.063212655839
1304,MTA1,-0.9955397159999999,0,0,4.36334405,-199.063212655839
1748,RBBP4,-0.9955397159999999,0,0,4.36334405,-199.063212655839
197,BAX,-0.9675753970000001,0,0,3.78175241,-200.62377986254313
1833,RPS6KA1,-0.979517855,0,0,3.96221865,-201.01541832787208
1385,NFKBIA,-0.979517855,0,0,3.96221865,-201.01541832787208
276,CAPN2,-0.979517855,0,0,3.96221865,-201.01541832787208
650,EPB41L3,-0.9795909490000001,0,0,3.9312701,-201.51723985574003
1120,KRTAP10-9,-1.02173707,0,0,4.55184887,-203.15341434930815
1118,KRTAP10-7,-1.02173707,0,0,4.55184887,-203.15341434930815
175,ATXN2L,-0.980702504,0,0,3.79983923,-203.86325535422105
1997,SNW1,-0.974119051,0,0,3.63545016,-204.65864559955963
1249,METTL21B,-0.974119051,0,0,3.63545016,-204.65864559955963
787,GAN,-0.974119051,0,0,3.63545016,-204.65864559955963
1913,SH3KBP1,-0.9823130720000001,0,0,3.77572347,-204.67103476338838
1461,OXCT1,-0.98644405,0,0,3.70337621,-206.90640598752086
1932,SKIV2L2,-1.010613378,0,0,4.01286174,-208.56757847525836
495,CUL2,-0.995540867,0,0,3.69935691,-209.4092128177856
180,AURKB,-0.995540867,0,0,3.69935691,-209.4092128177856
2314,UBE2E3,-0.9957555509999999,0,0,3.70176849,-209.4292256445263
906,HEYL,-0.9957555509999999,0,0,3.70176849,-209.4292256445263
1186,MAGEB18,-0.9957555509999999,0,0,3.70176849,-209.4292256445263
1188,MAGEB6,-0.9957555509999999,0,0,3.70176849,-209.4292256445263
670,ETV4,-0.9957555509999999,0,0,3.70176849,-209.4292256445263
1901,SETD2,-0.9957555509999999,0,0,3.70176849,-209.4292256445263
905,HEY2,-0.9957555509999999,0,0,3.70176849,-209.4292256445263
721,FBXO25,-1.0211130259999999,0,0,3.80426045,-214.63431379506892
1779,RGS20,-1.024034298,0,0,3.76889068,-215.9690343893621
1397,NMT1,-1.0581345709999999,0,0,4.07395498,-220.36302744005908
940,HNRNPM,-1.063005977,0,0,3.95458199,-223.52973077685465
480,CSNK2A1,-1.085789554,0,0,3.95377814,-229.6538508038842
2061,STK11,-1.0979367740000001,0,0,4.0590836,-231.27150809598012
1480,PAN2,-1.080284959,0,0,3.61374598,-233.4753634967799
207,BCR,-1.100190609,0,0,3.7528135000000002,-236.64813364361612
233,C11orf58,-1.100190609,0,0,3.7528135000000002,-236.64813364361612
925,HMG20A,-1.100295434,0,0,3.64670418,-238.32955903174363
659,ERG,-1.108375443,0,0,3.76045016,-238.72469160891134
2428,XRCC3,-1.108375443,0,0,3.76045016,-238.72469160891134
601,EED,-1.108375443,0,0,3.76045016,-238.72469160891134
1862,SCARNA22,-1.108375443,0,0,3.76045016,-238.72469160891134
561,DNAJA1,-1.113492203,0,0,3.84606109,-238.76332235366212
800,GCDH,-1.132422431,0,0,3.96945338,-241.9186781085807
2448,ZBTB21,-1.133206632,0,0,3.89951768,-243.21871609895297
1584,POLR2G,-1.155145176,0,0,4.01004823,-247.38144035224585
131,ASB4,-1.1575021090000002,0,0,3.76286174,-251.8651301702329
990,IKBKAP,-1.163721713,0,0,3.72467846,-254.12845168663262
213,BMI1,-1.172540821,0,0,3.85369775,-254.4838684229716
355,CDK9,-1.1643645120000001,0,0,3.61615756,-255.99176147215036
1028,ISG15,-1.17046096,0,0,3.61093248,-257.7085198647674
2174,THOC2,-1.2063890640000001,0,0,4.08199357,-260.00639767440884
2173,THOC1,-1.2063890640000001,0,0,4.08199357,-260.00639767440884
43,AHCYL1,-1.1993746809999999,0,0,3.84847267,-261.76334709286976
599,EDEM3,-1.218690876,0,0,3.69252412,-269.3746917838291
1624,PPP2R2D,-1.256700637,0,0,3.78858521,-278.0739008725403
1621,PPP2R2A,-1.256700637,0,0,3.78858521,-278.0739008725403
515,DCAF5,-1.292851515,0,0,3.67202572,-289.5873484790872
864,GSK3B,-1.314281312,0,0,3.94493569,-291.08354346810165
1235,MDC1,-1.314306611,0,0,3.79541801,-293.4199890572546
65,ALKBH3,-1.333313175,0,0,3.8721864999999998,-297.3222746071566
701,FAM86B2,-1.333313175,0,0,3.8721864999999998,-297.3222746071566
1517,PEX14,-1.333313175,0,0,3.8721864999999998,-297.3222746071566
904,HEY1,-1.333313175,0,0,3.8721864999999998,-297.3222746071566
1382,NFATC1,-1.355592161,0,0,4.1744373,-298.5890966047883
2319,UBE2N,-1.355752057,0,0,3.9738746,-301.7569879944437
203,BCL2L1,-1.367000086,0,0,3.94493569,-305.22512454500725
44,AHCYL2,-1.3813443490000001,0,0,4.18247588,-305.3717582412651
295,CCAR2,-1.384292501,0,0,3.74919614,-312.9135891122672
1732,RAF1,-1.4267080730000001,0,0,3.73432476,-324.52309459849573
1987,SMURF1,-1.448110421,0,0,3.74557878,-330.0888303437509
82,ANXA7,-1.4795203769999998,0,0,3.9835209000000003,-334.8069991812236
1261,MKNK1,-1.4795203769999998,0,0,3.9835209000000003,-334.8069991812236
752,FOXA1,-1.503345943,0,0,4.06511254,-339.9268107058995
937,HNRNPH1,-1.5822912080000002,0,0,3.67202572,-367.22828310010414
2037,SRRM2,-1.5822912080000002,0,0,3.67202572,-367.22828310010414
142,ATF2,-1.5822912080000002,0,0,3.67202572,-367.22828310010414
1776,RFWD3,-1.5822912080000002,0,0,3.67202572,-367.22828310010414
1511,PDK3,-1.5822912080000002,0,0,3.67202572,-367.22828310010414
1496,PCK1,-1.5822912080000002,0,0,3.67202572,-367.22828310010414
1104,KLHL33,-1.5822912080000002,0,0,3.67202572,-367.22828310010414
1145,LGALS3BP,-1.5822912080000002,0,0,3.67202572,-367.22828310010414
771,FUS,-1.5822912080000002,0,0,3.67202572,-367.22828310010414
525,DDB2,-1.5822912080000002,0,0,3.67202572,-367.22828310010414
335,CDC5L,-1.5822912080000002,0,0,3.67202572,-367.22828310010414
1404,NOS2,-1.5822912080000002,0,0,3.67202572,-367.22828310010414
1388,NIPSNAP1,-1.5822912080000002,0,0,3.67202572,-367.22828310010414
1835,RPS6KB2,-1.5822912080000002,0,0,3.67202572,-367.22828310010414
1988,SMURF2,-1.6778338869999998,0,0,4.02491961,-387.35869283863434
1254,MGRN1,-1.674964542,0,0,3.87178457,-388.9750254794821
462,CREB1,-1.674964542,0,0,3.87178457,-388.9750254794821
1052,KAT2B,-1.674964542,0,0,3.87178457,-388.9750254794821
2429,XRCC6,-1.674964542,0,0,3.87178457,-388.9750254794821
1540,PIN4,-1.717793963,0,0,3.85329582,-400.7519069832163
2248,TRIM55,-1.753703947,0,0,3.93609325,-409.09452329396856
1541,PJA1,-1.753703947,0,0,3.93609325,-409.09452329396856
1,ABCA1,,0,0,4.39107717,
2,ABCA2,,0,0,4.44533762,
3,ABCE1,,0,0,4.39107717,
4,ABI1,,0,0,4.44533762,
5,ABI3BP,,0,0,4.02733119,
6,ABL1,,0,0,3.81310289,
7,ACAA2,,0,0,4.09606109,
8,ACACA,,0,0,3.99236334,
9,ACAT1,,0,0,4.23874598,
10,ACOT7,,0,0,3.99236334,
11,ACP2,,0,0,5.08882637,
13,ACSF3,,0,0,3.81310289,
14,ACSS1,,0,0,3.81310289,
15,ACTA1,,0,1,3.95699357,
16,ACTA2,,0,0,3.95699357,
17,ACTB,,0,1,3.95699357,
18,ACTC1,,0,0,4.25763666,
22,ACTR2,,0,0,3.95699357,
23,ACY1,,0,0,5.01889068,
24,ADA,,0,0,3.93609325,
25,ADAM33,,0,0,4.46824759,
26,ADAMTSL4,,0,0,4.289791,
28,ADCY6,,0,0,3.99236334,
29,ADD3,,0,0,3.99236334,
30,ADRA1D,,0,0,4.04421222,
32,ADSL,,0,0,4.46463023,
33,AEBP2,,0,0,4.1744373,
34,AES,,0,0,4.25763666,
36,AFP,,0,0,4.73231511,
37,AGAP1,,0,0,4.12178457,
38,AGO2,,0,0,3.97990354,
39,AGO3,,0,0,4.27853698,
40,AGO4,,0,0,3.95699357,
45,AHDC1,,0,0,3.99236334,
46,AHI1,,0,0,4.28898714,
47,AHNAK,,0,0,3.95699357,
48,AHSA1,,0,0,3.81310289,
50,AIMP2,,36,0,4.08641479,
51,AK2,,0,0,4.2335209,
52,AK4,,0,0,4.71101286,
53,AKIRIN2,,22,0,4.35651125,
55,AKT2,,0,0,5.01889068,
56,ALAS1,,0,0,5.38303859,
58,ALCAM,,0,0,6.41800643,
60,ALDH2,,0,0,3.81310289,
62,ALDOC,,0,0,4.58360129,
63,ALG2,,0,0,4.71663987,
64,ALK,,0,0,3.81310289,
66,ALOX5,,0,0,5.26004823,
67,ALOXE3,,0,0,3.81310289,
69,AMBRA1,,0,0,3.81310289,
71,AMIGO1,,0,0,4.04421222,
72,AMIGO2,,0,0,4.44533762,
73,AMOTL1,,0,0,5.28014469,
75,ANKHD1,,0,0,3.99236334,
76,ANKRD17,,0,0,4.25763666,
77,ANKRD34A,,0,0,4.12178457,
78,ANP32A,,0,0,3.99236334,
79,ANTXR1,,0,0,4.27853698,
80,ANXA1,,0,0,4.02733119,
81,ANXA11,,0,0,4.02733119,
83,AP1M2,,0,0,4.11173633,
84,AP2A1,,0,0,4.46181672,
85,AP2A2,,0,0,3.97990354,
86,AP2M1,,0,0,4.44533762,
87,AP3M1,,0,0,4.19533762,
88,AP3S1,,0,0,4.68368167,
93,AP5M1,,4,0,5.97186495,
95,APBB1,,0,0,3.99236334,
96,APH1A,,30,0,3.9340836,
97,APH1B,,0,0,4.11173633,
98,API5,,0,0,4.46463023,
100,APOB,,0,0,5.08882637,
101,APOBEC3D,,0,0,3.93609325,
102,APOE,,0,0,4.11173633,
106,ARF1,,18,0,4.81310289,
107,ARHGAP19,,0,0,4.1744373,
108,ARHGAP22,,0,0,4.44533762,
109,ARHGAP25,,0,0,4.81189711,
110,ARHGAP32,,0,0,3.99236334,
111,ARHGDIA,,0,0,4.1744373,
112,ARHGEF10,,0,0,4.19533762,
113,ARHGEF16,,0,0,4.02733119,
114,ARHGEF7,,0,0,4.50241158,
115,ARID2,,0,0,5.01889068,
116,ARID5A,,0,0,3.99236334,
117,ARL15,,0,0,4.02733119,
118,ARL6,,0,0,4.4477492,
120,ARMC6,,0,0,3.95699357,
121,ARPIN,,0,0,5.01889068,
123,ARRDC1,,0,0,4.46905145,
125,ARSK,,0,0,4.04421222,
126,ART3,,0,0,4.68368167,
127,ASB13,,0,0,4.60691318,
128,ASB18,,0,0,4.02733119,
129,ASB2,,0,0,4.46463023,
130,ASB3,,0,0,3.93609325,
132,ASB7,,0,0,4.60691318,
133,ASB9,,0,0,3.81310289,
134,ASIC1,,0,0,4.1744373,
135,ASIC4,,0,0,4.81270096,
136,ASNA1,,0,0,4.44533762,
137,ASNS,,0,0,3.99236334,
138,ASPRV1,,0,0,4.71101286,
139,ASS1,,0,0,4.25763666,
140,ATAD1,,0,0,4.81270096,
141,ATAD5,,39,0,4.19533762,
143,ATF5,,0,0,3.99236334,
145,ATL1,,0,1,3.80667203,
146,ATOH1,,0,0,4.71663987,
147,ATP1A1,,0,0,4.2335209,
148,ATP1A3,,0,1,3.99236334,
149,ATP1B3,,0,0,5.16237942,
152,ATP2B2,,0,0,4.4477492,
153,ATP4A,,0,0,5.64790997,
155,ATP5B,,0,0,5.08882637,
157,ATP5E,,0,0,4.50241158,
160,ATP5J,,0,0,4.710209,
162,ATP6AP2,,0,0,4.35892283,
163,ATP6V0A1,,0,0,4.02733119,
164,ATP6V0D1,,0,0,3.99236334,
166,ATP6V1B2,,0,0,4.02733119,
167,ATP6V1F,,0,0,4.20377814,
168,ATP8,,0,0,5.08882637,
169,ATPAF2,,0,0,4.35651125,
170,ATRIP,,0,0,4.22909968,
173,ATXN1L,,0,0,3.99236334,
178,ATXN7L3,,29,0,4.46824759,
179,AURKA,,0,0,3.81310289,
181,AXIN1,,0,0,3.97990354,
182,AZI2,,0,0,4.95659164,
183,B3GNT3,,0,0,4.81189711,
186,B9D1,,0,0,3.95699357,
187,BAALC,,0,0,3.99236334,
188,BABAM1,,0,0,4.02733119,
189,BACE1,,0,0,4.09606109,
190,BAG2,,0,0,4.28898714,
192,BAG5,,0,0,4.64951768,
193,BAG6,,0,0,3.93609325,
194,BAK1,,0,0,3.81310289,
196,BATF2,,0,0,3.99236334,
198,BCAT1,,0,0,3.93609325,
199,BCAT2,,0,0,3.81310289,
200,BCCIP,,0,0,4.25763666,
202,BCL2,,0,0,4.11173633,
204,BCL6,,0,0,4.44533762,
205,BCL7C,,0,0,4.1744373,
206,BCOR,,0,1,3.81310289,
208,BECN1,,0,0,4.2335209,
209,BEND2,,0,0,3.99236334,
210,BICC1,,0,0,4.02733119,
211,BIRC6,,0,0,4.09606109,
212,BLVRA,,10,0,5.26004823,
214,BMP1,,0,0,4.93729904,
215,BMX,,0,0,4.71101286,
216,BOLL,,0,0,4.02733119,
217,BOP1,,0,0,4.19533762,
218,BPHL,,0,0,3.81310289,
220,BRE,,0,0,4.02733119,
221,BRF2,,0,0,4.23874598,
224,BTF3L4,,0,0,4.46463023,
226,BTK,,0,0,4.2335209,
227,BTNL8,,7,0,5.32234727,
229,BUB3,,0,0,3.95699357,
231,BZW2,,0,0,4.25763666,
232,C10orf76,,0,0,4.09606109,
236,C14orf1,,0,0,4.02733119,
237,C14orf105,,0,0,4.51366559,
238,C15orf48,,0,0,4.2335209,
239,C16orf70,,0,0,4.1744373,
240,C17orf53,,0,0,4.58360129,
243,C19orf52,,0,0,4.693729900000001,
244,C1orf85,,0,0,4.27853698,
245,C1orf94,,0,0,3.99236334,
247,C1QTNF1,,0,0,4.44533762,
248,C21orf2,,0,0,5.03094855,
249,C2orf27B,,0,0,3.99236334,
251,C2orf68,,0,0,5.26004823,
252,C3orf17,,0,0,4.02733119,
253,C4orf29,,0,0,3.81310289,
254,C4orf32,,0,0,4.95458199,
255,C5AR2,,0,0,3.97990354,
256,C5orf24,,0,0,4.71101286,
257,CA2,,0,0,3.81310289,
258,CA9,,0,0,4.39107717,
259,CABP1,,19,0,4.44533762,
261,CACNA2D1,,0,0,4.04421222,
262,CACNB3,,0,0,4.71101286,
263,CACNB4,,0,0,4.44533762,
264,CALCOCO2,,0,0,4.95659164,
265,CALM1,,0,0,4.46463023,
266,CALM2,,0,0,4.44533762,
267,CALM3,,0,0,4.44533762,
269,CAMK2B,,0,0,3.99236334,
270,CAMKMT,,0,0,4.27853698,
271,CAMSAP2,,0,0,4.12178457,
272,CAMSAP3,,0,0,4.1744373,
277,CAPN8,,0,0,4.25763666,
278,CAPNS1,,0,0,4.25763666,
279,CAPNS2,,0,0,4.25763666,
280,CAPZB,,0,0,4.28898714,
281,CARD10,,0,0,4.46824759,
282,CARD8,,0,0,3.93609325,
283,CARS2,,0,0,4.25763666,
284,CASK,,0,1,4.23874598,
285,CASP3,,0,0,3.81310289,
286,CASP7,,0,0,4.25763666,
287,CASP8,,0,0,4.04421222,
288,CAST,,25,0,4.25763666,
289,CAV3,,0,0,4.9931672,
290,CBL,,13,0,5.29863344,
291,CBWD1,,13,0,4.84364952,
293,CBX5,,0,0,5.05385852,
296,CCDC101,,0,0,4.46824759,
297,CCDC102B,,0,0,4.35651125,
298,CCDC126,,0,0,3.97990354,
299,CCDC136,,0,0,3.99236334,
300,CCDC155,,0,0,5.64790997,
301,CCDC33,,0,0,4.35651125,
302,CCDC47,,0,0,4.04421222,
303,CCDC58,,0,0,4.2335209,
305,CCL22,,0,0,4.81189711,
307,CCNJL,,0,0,4.27853698,
308,CCNK,,0,0,3.99236334,
309,CCNY,,0,0,4.22909968,
310,CCNYL1,,32,0,4.22909968,
313,CCT4,,0,0,3.93810289,
315,CCT6A,,0,0,3.93810289,
316,CCT6B,,0,0,3.95699357,
317,CCT7,,0,0,3.93810289,
318,CCT8,,0,0,3.93810289,
320,CD247,,13,0,5.29863344,
321,CD3D,,0,0,4.04421222,
323,CD44,,0,0,4.51366559,
324,CD47,,0,0,4.81270096,
327,CD81,,0,0,4.27853698,
328,CD83,,0,0,4.09606109,
329,CD99L2,,0,0,4.25763666,
330,CDADC1,,0,0,5.28014469,
332,CDC25B,,0,0,4.12178457,
333,CDC25C,,0,0,4.31752412,
334,CDC37,,0,0,4.11173633,
337,CDCA4,,0,0,4.28898714,
339,CDH13,,0,0,4.81189711,
340,CDH2,,0,0,4.11173633,
342,CDH8,,0,0,4.11173633,
343,CDIP1,,0,0,3.99236334,
344,CDK1,,0,0,3.95699357,
345,CDK11A,,0,0,5.01889068,
348,CDK17,,0,0,4.22909968,
349,CDK18,,0,0,4.22909968,
352,CDK5R1,,0,0,4.22909968,
353,CDK6,,0,0,3.99236334,
354,CDK8,,0,0,4.22909968,
356,CDKN1A,,0,0,4.1744373,
357,CDKN2A,,0,0,5.64790997,
358,CDKN2AIP,,0,0,3.81310289,
359,CDON,,0,0,6.41800643,
360,CEACAM21,,0,0,4.35892283,
361,CEBPA,,23,0,4.54622186,
362,CECR5,,0,0,3.81310289,
363,CELA2B,,33,0,3.93609325,
364,CELF5,,0,0,3.93609325,
365,CELSR1,,0,0,6.41800643,
366,CELSR2,,0,0,6.41800643,
367,CENPJ,,0,0,4.39107717,
368,CEP104,,18,0,4.61053055,
370,CEP135,,0,0,4.20377814,
372,CEP162,,0,0,4.39107717,
373,CEP164,,0,0,4.25763666,
374,CEP170,,0,0,4.81189711,
375,CEP170P1,,0,0,3.81310289,
376,CEP19,,0,0,4.46463023,
377,CEP250,,0,0,4.27853698,
378,CEP44,,0,0,5.38303859,
379,CEP55,,0,0,4.02733119,
381,CEP72,,0,0,4.46824759,
382,CEPT1,,0,0,4.50241158,
384,CETN1,,0,0,4.289791,
385,CETN2,,0,0,3.95699357,
387,CFLAR,,0,0,4.09606109,
389,CGN,,0,0,4.12178457,
390,CGRRF1,,0,0,4.35892283,
391,CHCHD2,,0,0,4.2335209,
392,CHD3,,0,0,3.97990354,
393,CHD4,,0,0,5.05385852,
394,CHEK2,,0,0,4.28898714,
395,CHGB,,0,0,3.93609325,
396,CHI3L1,,0,0,5.26004823,
400,CHMP2B,,0,0,4.09606109,
401,CHMP3,,0,0,4.02733119,
402,CHMP4A,,0,0,4.02733119,
404,CHMP4C,,0,0,4.09606109,
405,CHMP5,,0,0,4.02733119,
406,CHMP7,,0,0,4.09606109,
407,CHPT1,,0,0,4.81270096,
408,CHRNA7,,0,0,3.99236334,
409,CHRNA9,,0,0,4.93729904,
410,CHTF8,,0,0,5.01889068,
411,CHUK,,0,0,3.97990354,
412,CIAPIN1,,0,0,4.08641479,
413,CIB1,,0,0,4.11173633,
414,CIC,,0,0,3.99236334,
415,CIRBP,,0,0,3.99236334,
416,CISD3,,0,0,4.2335209,
417,CKAP2,,0,0,4.50241158,
418,CKAP4,,0,0,4.50241158,
419,CKAP5,,0,0,4.44533762,
420,CLASRP,,31,0,3.76406752,
421,CLCN2,,0,0,3.99236334,
422,CLCN7,,0,0,4.50241158,
423,CLEC4F,,0,0,3.99236334,
424,CLEC4G,,0,0,4.25763666,
425,CLEC7A,,0,0,3.81310289,
426,CLIC1,,0,0,4.50241158,
427,CLIC3,,0,0,6.41800643,
428,CLINT1,,0,0,4.02733119,
429,CLMP,,0,0,4.35892283,
432,CLPB,,0,0,4.710209,
433,CLSTN1,,0,0,4.11173633,
434,CLTA,,0,0,4.02733119,
436,CLU,,0,0,3.81310289,
438,CNDP2,,0,0,4.25763666,
439,CNOT6,,0,0,4.1744373,
440,CNPY2,,0,0,4.71101286,
441,CNTN2,,0,0,4.46181672,
442,CNTRL,,0,0,4.04421222,
443,COBLL1,,0,0,5.28014469,
444,COG1,,0,0,4.25763666,
446,COIL,,31,0,3.99236334,
447,COL1A1,,0,0,4.25763666,
448,COL4A3BP,,0,0,4.4477492,
449,COLGALT1,,0,0,3.81310289,
450,COMTD1,,0,0,4.20377814,
454,COQ9,,0,0,4.2335209,
455,CORO1C,,0,0,4.20377814,
457,COX5A,,0,0,4.710209,
458,CPA5,,0,0,4.68368167,
459,CPSF7,,0,0,3.99236334,
460,CRBN,,0,0,3.95699357,
461,CRCP,,0,0,4.60691318,
463,CREB3,,0,0,5.31350482,
465,CREG1,,0,0,4.25763666,
466,CREM,,0,0,3.99236334,
468,CRIP2,,0,0,3.99236334,
469,CRK,,0,0,3.99236334,
471,CRTAP,,0,0,4.19533762,
472,CRX,,29,0,4.46824759,
473,CRY1,,0,0,4.23874598,
475,CRYAA,,0,0,4.35651125,
476,CRYAB,,0,0,4.02733119,
478,CSE1L,,0,0,4.04421222,
479,CSF1,,0,0,5.29863344,
483,CST3,,0,0,3.99236334,
484,CSTF2,,0,0,4.02733119,
486,CTDSP1,,14,0,4.81189711,
487,CTNNA1,,0,0,4.11173633,
490,CTPS2,,0,0,4.35651125,
491,CTSC,,0,0,4.25763666,
492,CTSH,,0,0,3.81310289,
493,CTTNBP2,,0,0,3.95699357,
501,CUTC,,0,0,4.35651125,
502,CXorf56,,0,0,3.81310289,
503,CYC1,,0,0,4.2335209,
505,CYP2C18,,0,0,4.11173633,
506,CYP2C8,,0,0,4.11173633,
507,CYP7B1,,1,1,1.0,
508,CYSRT1,,0,0,4.44533762,
509,DARS,,0,1,4.08641479,
510,DARS2,,0,0,3.81310289,
511,DAZAP2,,0,0,3.99236334,
512,DCAF11,,0,0,3.95699357,
513,DCAF15,,0,0,4.81189711,
514,DCAF4,,0,0,3.81310289,
516,DCAF7,,0,0,3.95699357,
518,DCBLD1,,0,0,6.41800643,
519,DCLK1,,0,0,4.12178457,
520,DCLRE1B,,0,0,3.81310289,
521,DCP1A,,0,0,4.32154341,
523,DCTN3,,0,0,3.99236334,
524,DCUN1D1,,0,0,4.02733119,
528,DDT,,0,0,4.81189711,
529,DDX1,,0,0,4.32154341,
531,DDX39B,,0,0,3.81310289,
532,DDX5,,0,0,3.93609325,
533,DDX52,,0,0,5.01889068,
534,DDX6,,0,0,3.93609325,
535,DEF8,,0,0,4.81189711,
536,DENND1A,,0,0,4.12178457,
537,DENND4C,,0,0,4.12178457,
538,DEPDC1B,,0,0,4.22909968,
539,DERL1,,0,0,4.04421222,
540,DES,,0,0,4.25763666,
541,DGCR8,,0,0,4.02733119,
542,DGUOK,,0,0,4.46181672,
543,DHFR,,0,0,3.81310289,
544,DHRSX,,0,0,3.99236334,
545,DHX15,,0,0,3.93609325,
546,DHX37,,0,0,3.99236334,
547,DHX40,,0,0,4.35651125,
549,DIABLO,,0,0,4.4477492,
550,DIXDC1,,0,0,3.99236334,
551,DKC1,,0,0,4.19533762,
552,DKK3,,0,0,3.81310289,
555,DLK1,,0,0,1.75,
556,DLST,,0,0,4.23874598,
557,DMPK,,0,0,3.99236334,
558,DMWD,,0,0,4.19533762,
560,DNAI2,,0,0,3.95699357,
562,DNAJA3,,0,0,3.99236334,
563,DNAJA4,,0,0,4.27853698,
564,DNAJB1,,0,0,3.97990354,
565,DNAJB2,,0,0,4.1744373,
567,DNAJC13,,0,0,4.81270096,
568,DNALI1,,0,0,3.97990354,
569,DND1,,0,0,4.1744373,
570,DNM2,,0,0,4.1744373,
572,DOCK6,,0,0,4.50241158,
573,DPM3,,0,0,4.02733119,
574,DPPA4,,0,0,3.97990354,
575,DQX1,,0,0,4.289791,
576,DRG2,,0,0,4.46463023,
578,DSP,,0,0,4.11173633,
580,DTNA,,0,0,4.11173633,
581,DTNB,,15,0,4.93729904,
582,DTNBP1,,0,0,4.93729904,
583,DTX2,,0,0,4.35651125,
584,DTX3L,,0,0,4.35651125,
585,DUSP10,,0,0,3.97990354,
586,DUSP13,,0,0,4.71101286,
587,DUSP14,,0,0,4.02733119,
588,DUSP22,,0,0,4.39107717,
592,DZIP3,,0,0,3.99236334,
593,EBP,,0,1,4.81270096,
595,ECHS1,,25,0,4.25763666,
596,ECSIT,,0,0,4.11173633,
597,ECT2,,0,0,4.25763666,
598,EDC3,,0,0,4.22909968,
600,EEA1,,0,0,4.23874598,
602,EEF1A2,,10,0,5.26004823,
603,EEF1B2,,0,0,3.81310289,
604,EEF1D,,0,0,4.50241158,
605,EEF1E1,,0,0,4.08641479,
606,EEF1G,,0,0,4.50241158,
610,EFHC2,,0,0,4.35651125,
611,EFHD1,,0,0,4.11173633,
612,EFNB1,,0,0,6.41800643,
614,EHBP1L1,,0,0,4.02733119,
615,EHD4,,0,0,4.46463023,
616,EHMT1,,0,0,3.99236334,
617,EHMT2,,0,0,4.44533762,
618,EID1,,0,0,4.95659164,
619,EIF1AX,,0,0,4.02733119,
620,EIF1AY,,0,0,3.99236334,
621,EIF1B,,0,0,3.99236334,
622,EIF2A,,0,0,4.25763666,
623,EIF2S1,,0,0,4.08641479,
624,EIF2S3,,0,0,4.20377814,
627,EIF3H,,0,0,4.19533762,
628,EIF4A2,,0,0,4.20377814,
630,EIF4E2,,0,0,4.12178457,
631,EIF4ENIF1,,0,0,3.99236334,
632,EIF4G1,,0,0,4.20377814,
633,EIF5A,,0,0,3.81310289,
634,EIF6,,0,0,4.25763666,
636,ELAVL2,,0,0,3.93609325,
637,ELL2,,0,0,4.2335209,
638,ELMO3,,0,0,4.50241158,
639,ELP5,,0,0,3.99236334,
640,EMC2,,0,0,4.68368167,
641,EMD,,0,0,4.49557878,
643,ENPP6,,9,0,4.71663987,
644,ENSA,,0,0,4.11173633,
645,ENTHD2,,18,0,4.60088424,
646,ENTPD1,,0,0,5.46061093,
647,ENTPD6,,0,0,3.99236334,
648,ENY2,,0,0,4.46824759,
651,EPRS,,0,0,4.08641479,
652,EPS15,,0,0,4.09606109,
653,EPS8,,0,0,4.51366559,
654,ERAL1,,0,0,5.62700965,
656,ERBB3,,0,0,4.46181672,
657,ERBB4,,0,0,4.09606109,
658,ERCC6L,,0,0,3.97990354,
660,ERGIC1,,0,0,4.02733119,
662,ERLIN1,,37,1,3.98995177,
664,ERN1,,0,0,4.11173633,
666,ESRP1,,0,0,3.76406752,
667,ESRRA,,0,0,3.99236334,
668,ESRRB,,0,0,3.81310289,
669,ETFA,,0,0,4.11173633,
671,EVA1C,,28,0,4.1153537,
672,EVC2,,0,0,4.50241158,
673,EVL,,0,0,3.97990354,
675,EXOC1,,0,0,4.93729904,
676,EXOSC4,,0,0,4.28336013,
677,EZH2,,0,0,4.28336013,
678,EZR,,17,0,4.46181672,
679,F2R,,0,0,4.25763666,
680,F8A1,,0,0,3.97990354,
683,FAHD2B,,0,0,3.81310289,
684,FAM107A,,0,0,3.81310289,
685,FAM109A,,0,0,4.68368167,
686,FAM110A,,0,0,4.22909968,
687,FAM110B,,0,0,4.12178457,
688,FAM114A1,,0,0,4.35651125,
689,FAM122A,,0,0,4.28898714,
690,FAM122B,,0,0,4.19533762,
691,FAM134C,,0,0,4.4477492,
692,FAM174A,,0,0,4.68368167,
693,FAM193B,,0,0,3.99236334,
694,FAM19A3,,0,0,4.289791,
695,FAM219A,,0,0,4.58360129,
696,FAM21C,,0,0,3.99236334,
697,FAM46A,,0,0,3.99236334,
698,FAM46B,,0,0,3.99236334,
699,FAM53C,,0,0,4.12178457,
700,FAM71F1,,0,0,3.97990354,
702,FAM98A,,0,0,3.93609325,
703,FANCA,,0,0,4.25763666,
704,FANCC,,0,0,4.25763666,
706,FANCI,,39,0,4.19533762,
707,FAP,,0,0,4.04421222,
708,FAR1,,0,0,3.99236334,
709,FARSB,,0,0,4.09606109,
710,FAS,,0,0,4.27853698,
711,FAT4,,0,0,3.99236334,
712,FBF1,,0,0,4.46463023,
713,FBLN1,,0,0,4.44533762,
714,FBN1,,0,0,4.46824759,
716,FBXL6,,0,0,4.02733119,
717,FBXL7,,0,0,4.19533762,
718,FBXO11,,0,0,4.02733119,
719,FBXO15,,0,0,3.81310289,
720,FBXO17,,0,0,3.81310289,
723,FBXO7,,0,1,3.81310289,
724,FBXW11,,0,0,4.28336013,
725,FBXW4,,0,0,3.95699357,
727,FCGR1A,,0,0,6.41800643,
728,FCGR2B,,0,0,4.58360129,
729,FDFT1,,0,0,4.4477492,
730,FDPS,,0,0,3.99236334,
731,FECH,,0,0,3.81310289,
732,FEN1,,0,0,4.02733119,
733,FEZ1,,0,0,3.97990354,
734,FGF13,,0,0,4.11173633,
736,FGFR1OP2,,0,0,4.95458199,
737,FGFR2,,0,1,4.35892283,
738,FGL1,,0,0,3.93609325,
740,FHL3,,0,0,5.62700965,
741,FIBP,,5,0,5.09003215,
742,FICD,,0,0,3.97990354,
743,FKBP14,,0,0,4.04421222,
744,FLNB,,0,0,4.11173633,
745,FLOT1,,0,0,4.04421222,
748,FNTA,,0,0,4.25763666,
749,FNTB,,0,0,4.25763666,
750,FOSL1,,0,0,3.99236334,
751,FOSL2,,0,0,4.77250804,
753,FOXA2,,0,0,4.28336013,
754,FOXA3,,0,0,4.28336013,
755,FOXB1,,0,0,4.28336013,
756,FOXG1,,0,0,4.28336013,
757,FOXH1,,0,0,4.28336013,
759,FOXK1,,0,0,6.13665595,
760,FOXL1,,0,0,4.28336013,
761,FOXO4,,0,0,4.1744373,
762,FOXP3,,0,0,4.28336013,
763,FOXRED1,,0,1,3.81310289,
766,FRMD1,,0,0,4.81189711,
768,FTSJ2,,0,0,3.81310289,
769,FUBP3,,0,0,3.99236334,
770,FUNDC1,,0,0,5.62700965,
774,FYN,,0,0,3.99236334,
776,G6PD,,0,0,4.25763666,
777,GAB2,,0,0,4.22909968,
778,GABARAP,,0,0,6.11696141,
779,GABRA6,,0,0,4.81270096,
780,GABRE,,0,0,4.81270096,
781,GABRG2,,0,0,4.81270096,
784,GAK,,0,0,4.35892283,
785,GALNS,,0,0,4.04421222,
786,GALNT2,,18,0,4.693729900000001,
788,GANAB,,0,0,3.95699357,
790,GARS,,0,0,4.23874598,
791,GAS2,,0,0,4.25763666,
792,GAS2L1,,27,0,4.71101286,
793,GATAD1,,0,0,3.99236334,
794,GBA,,0,1,3.81310289,
796,GBAS,,0,0,3.81310289,
798,GCA,,0,0,3.99236334,
799,GCC2,,0,0,4.20377814,
801,GCFC2,,0,0,3.99236334,
802,GCNT1,,0,0,5.62700965,
803,GDA,,0,0,3.81310289,
804,GDI1,,0,0,4.49557878,
805,GFAP,,0,0,4.11173633,
806,GFI1B,,0,0,3.93609325,
807,GFM1,,0,0,3.81310289,
808,GFPT1,,0,1,4.23874598,
810,GGT5,,0,0,5.24236334,
811,GHITM,,0,0,1.5,
812,GID8,,0,0,3.81310289,
813,GIGYF1,,0,0,4.12178457,
814,GIGYF2,,0,0,4.31752412,
815,GINS2,,0,0,4.25763666,
816,GINS3,,0,0,4.25763666,
817,GIPC1,,0,0,4.23874598,
819,GJC2,,33,1,5.21543408,
820,GLA,,0,0,4.25763666,
821,GLB1L3,,0,0,3.81310289,
822,GLOD4,,0,0,3.81310289,
823,GLRA2,,0,0,4.81270096,
825,GMEB2,,0,0,3.99236334,
826,GMPPB,,0,1,3.81310289,
829,GNB5,,0,0,3.95699357,
830,GNPDA1,,0,0,4.46463023,
831,GNS,,0,0,4.25763666,
832,GOLGA1,,0,0,4.39107717,
834,GOLGA3,,0,0,4.46824759,
835,GOLGA5,,0,0,5.08882637,
837,GOLIM4,,0,0,4.61053055,
841,GORASP1,,0,0,3.81310289,
842,GORASP2,,0,0,4.4477492,
843,GPATCH8,,0,0,3.99236334,
844,GPBP1L1,,0,0,4.51366559,
845,GPKOW,,0,0,3.93609325,
848,GPR156,,0,0,4.51366559,
849,GPR55,,0,0,4.68368167,
850,GPR89A,,0,0,4.81270096,
853,GPT,,0,0,4.25763666,
854,GRAP2,,0,0,4.09606109,
856,GRIN2B,,0,0,4.25763666,
857,GRK5,,0,0,4.49557878,
858,GRM1,,0,0,3.97990354,
860,GRPR,,0,0,4.81189711,
861,GRSF1,,0,0,4.95659164,
862,GSAP,,0,0,4.11173633,
863,GSK3A,,0,0,4.35651125,
865,GSPT1,,0,0,3.99236334,
866,GSR,,0,0,3.81310289,
868,GSTM5,,0,0,4.04421222,
869,GSTO1,,0,0,4.25763666,
870,GTF2B,,0,0,4.60691318,
871,GTF2F1,,0,0,4.22909968,
872,GTF2I,,0,0,4.73231511,
873,GTF3C3,,0,0,4.60691318,
874,GTPBP8,,0,0,3.81310289,
875,GTSE1,,0,0,4.35892283,
876,GYPB,,0,0,5.16237942,
877,H2AFX,,0,0,3.95699357,
878,H3F3A,,0,0,5.01889068,
879,HAAO,,22,0,5.76607717,
881,HARS,,0,0,4.23874598,
882,HARS2,,0,0,3.81310289,
883,HAVCR2,,0,0,4.49557878,
885,HBS1L,,0,0,3.97990354,
886,HCFC2,,0,0,3.95699357,
888,HDAC10,,0,0,4.68368167,
889,HDAC11,,0,0,4.04421222,
895,HDAC9,,0,0,4.28336013,
896,HDGFRP3,,0,0,4.81270096,
897,HDLBP,,0,0,4.28336013,
898,HECW1,,0,0,4.44533762,
899,HECW2,,11,0,4.77250804,
900,HEPHL1,,0,0,4.02733119,
901,HERC4,,0,0,4.46463023,
902,HERPUD1,,0,0,4.11173633,
903,HEXIM1,,0,0,3.81310289,
907,HGS,,0,0,4.4477492,
908,HHATL,,0,0,4.44533762,
909,HIF1A,,0,0,4.25763666,
910,HIP1,,0,0,3.97990354,
911,HIPK4,,0,0,4.2335209,
912,HIST1H2AG,,0,0,4.02733119,
913,HIST1H3A,,0,0,3.99236334,
914,HIST1H3E,,0,0,3.81310289,
915,HIST1H3H,,0,0,3.97990354,
916,HIST2H2AB,,0,0,4.77250804,
917,HIST2H2AC,,0,0,4.09606109,
920,HK2,,0,0,4.23874598,
921,HLA-A,,0,0,4.1744373,
922,HLA-B,,0,0,3.97990354,
924,HLTF,,0,0,4.73231511,
927,HMGB1,,0,0,4.11173633,
928,HMGCL,,0,0,4.4477492,
929,HMGCR,,0,0,4.04421222,
930,HMGCS1,,0,0,4.35651125,
932,HNRNPA2B1,,0,0,3.81310289,
933,HNRNPC,,0,0,5.38303859,
934,HNRNPCL1,,0,0,4.02733119,
935,HNRNPD,,0,0,4.25763666,
936,HNRNPF,,0,0,4.02733119,
938,HNRNPK,,0,0,4.68368167,
939,HNRNPLL,,0,0,3.99236334,
942,HNRNPUL2,,0,0,4.04421222,
943,HOMER1,,0,0,4.20377814,
944,HOTAIR,,0,0,3.99236334,
945,HOXC11,,0,0,3.97990354,
946,HOXC4,,0,0,3.97990354,
947,HPCAL1,,0,0,3.99236334,
948,HSD17B12,,0,0,4.2335209,
949,HSFX1,,0,0,3.99236334,
950,HSP90AA1,,0,0,4.1744373,
951,HSP90AA5P,,0,0,5.26004823,
959,HSPB1,,0,0,4.39107717,
960,HSPBP1,,0,0,4.46463023,
963,HSPG2,,0,0,4.44533762,
964,HTR3A,,0,0,4.81270096,
966,HTR6,,0,0,4.39107717,
969,HYPK,,0,0,3.97990354,
972,IBA57,,0,0,3.81310289,
973,ICAM1,,0,0,4.27853698,
975,ICAM5,,0,0,4.11173633,
976,ICK,,0,0,4.22909968,
978,IDE,,0,0,4.710209,
979,IDH3B,,0,0,3.93609325,
980,IDH3G,,0,0,3.81310289,
981,IER2,,0,0,4.28898714,
982,IER5,,0,0,4.28898714,
983,IFFO1,,0,0,5.28014469,
985,IFT20,,0,0,3.97990354,
986,IGBP1,,0,0,3.95699357,
987,IGF2R,,0,0,3.99236334,
988,IGHG1,,0,0,4.02733119,
989,IGSF8,,0,0,4.27853698,
991,IKBKB,,0,0,3.97990354,
994,IKZF3,,0,0,4.35651125,
995,IL12RB1,,0,0,4.27853698,
996,IL13RA2,,0,0,5.62700965,
997,IL17RA,,0,0,3.97990354,
998,IL1R2,,0,0,4.81189711,
999,IL20RB,,0,0,4.81270096,
1000,IL34,,0,0,3.99236334,
1001,ILF2,,0,0,4.32154341,
1002,ILF3,,0,0,4.32154341,
1006,IMPDH2,,0,0,5.01889068,
1007,INA,,0,0,4.25763666,
1008,INADL,,0,0,4.50241158,
1009,INCA1,,0,0,4.35651125,
1010,ING5,,0,0,3.97990354,
1011,INO80B,,0,0,4.31752412,
1012,INPP5E,,0,0,4.31752412,
1013,INPP5K,,0,0,4.4477492,
1014,INPPL1,,0,0,4.51366559,
1015,INSIG1,,0,0,4.04421222,
1016,INSR,,0,0,4.93729904,
1017,INTS7,,0,0,4.31752412,
1018,INTU,,0,0,4.2335209,
1019,IP6K1,,0,0,4.44533762,
1020,IPO8,,0,0,3.99236334,
1021,IPO9,,0,0,4.60691318,
1023,IQGAP1,,0,0,4.20377814,
1024,IRAK1,,0,0,3.95699357,
1025,IRAK2,,0,0,4.11173633,
1026,IRF2,,0,0,6.13665595,
1027,IRS4,,0,0,4.27853698,
1029,ISG20L2,,0,0,4.22909968,
1034,ITGA5,,0,0,4.46181672,
1036,ITGB1,,0,0,3.81310289,
1037,ITGB4,,0,0,3.99236334,
1038,ITGB5,,22,0,4.95458199,
1039,ITM2A,,0,0,4.68368167,
1041,ITPR1,,0,1,4.04421222,
1043,ITSN2,,0,0,4.11173633,
1044,IWS1,,0,0,4.19533762,
1046,JMJD6,,0,0,4.19533762,
1047,JPH1,,0,0,5.16237942,
1049,KANK2,,0,0,4.11173633,
1050,KARS,,36,0,4.08641479,
1051,KAT2A,,0,0,4.46824759,
1053,KAT6A,,0,0,3.99236334,
1054,KATNA1,,0,0,4.25763666,
1055,KBTBD7,,0,0,3.95699357,
1056,KCNA10,,0,0,5.068729900000001,
1057,KCNAB2,,0,0,3.99236334,
1058,KCNE3,,0,0,4.93729904,
1059,KCNIP2,,0,0,5.42483923,
1060,KCNIP3,,0,0,4.11173633,
1061,KCNIP4,,0,0,4.11173633,
1062,KCNJ5,,0,0,4.71101286,
1063,KCNN4,,0,0,4.09606109,
1064,KCNS3,,0,0,4.49557878,
1065,KCTD10,,0,0,4.1744373,
1066,KCTD15,,0,0,3.99236334,
1067,KCTD3,,0,0,4.12178457,
1069,KDM4A,,0,0,4.19533762,
1070,KDM4B,,0,0,3.95699357,
1071,KDM5B,,0,0,4.44533762,
1072,KHDRBS1,,0,0,3.93609325,
1075,KIAA0368,,0,0,4.50241158,
1076,KIAA1191,,0,0,4.44533762,
1078,KIAA1377,,0,0,4.02733119,
1079,KIAA1549L,,0,0,3.99236334,
1080,KIAA1804,,0,0,4.12178457,
1081,KIAA2013,,0,0,4.81270096,
1082,KIAA2026,,0,0,3.99236334,
1084,KIF11,,0,0,4.93729904,
1085,KIF13B,,0,0,4.12178457,
1087,KIF1B,,0,0,4.289791,
1089,KIF21A,,0,0,3.95699357,
1090,KIF22,,0,0,3.99236334,
1091,KIF23,,0,0,3.90755627,
1094,KLC1,,15,0,4.93729904,
1095,KLC2,,15,1,4.93729904,
1096,KLC4,,0,0,4.93729904,
1097,KLF11,,0,0,3.99236334,
1098,KLHDC2,,0,0,3.95699357,
1099,KLHDC8A,,0,0,3.95699357,
1100,KLHL1,,0,0,4.44533762,
1101,KLHL12,,0,0,3.99236334,
1102,KLHL13,,0,0,4.02733119,
1103,KLHL15,,0,0,4.28898714,
1105,KLHL8,,0,0,3.99236334,
1106,KLK5,,0,0,4.27853698,
1107,KLK8,,5,0,5.24236334,
1108,KMT2B,,0,0,3.99236334,
1109,KNG1,,0,0,4.25763666,
1113,KRT36,,0,0,4.09606109,
1115,KRT7,,0,0,4.04421222,
1116,KRT85,,0,0,4.09606109,
1119,KRTAP10-8,,0,0,3.81310289,
1121,KRTAP4-12,,0,0,4.68368167,
1123,KSR1,,0,0,4.12178457,
1124,KTN1,,0,0,4.25763666,
1126,LAMA1,,0,0,4.95176849,
1128,LAMB2,,0,0,4.46824759,
1130,LAMC1,,0,0,4.710209,
1131,LAMC2,,0,0,5.29863344,
1132,LAMC3,,0,0,4.31752412,
1133,LAMP3,,0,0,4.81189711,
1134,LAMTOR1,,0,0,5.62700965,
1135,LAMTOR5,,0,0,4.64951768,
1136,LARS,,36,0,4.08641479,
1137,LASP1,,0,0,3.99236334,
1138,LATS2,,0,0,4.32154341,
1139,LCMT2,,0,0,5.01889068,
1140,LDB1,,0,0,3.99236334,
1141,LDHAL6B,,0,0,4.25763666,
1142,LDLRAD4,,0,0,4.35892283,
1143,LENG1,,0,0,4.08641479,
1144,LGALS3,,0,0,4.25763666,
1146,LGALS7,,0,0,4.95659164,
1148,LIMA1,,0,0,4.12178457,
1149,LINC01587,,0,0,5.97186495,
1150,LITAF,,0,0,3.99236334,
1152,LLGL2,,0,0,4.32154341,
1154,LOC101060521,,0,0,4.60691318,
1155,LOC401442,,0,0,3.99236334,
1156,LOXL1,,0,0,3.99236334,
1157,LPAR1,,0,0,5.16237942,
1158,LPAR2,,0,0,3.99236334,
1159,LPAR4,,0,0,4.68368167,
1160,LPCAT4,,0,0,4.68368167,
1161,LPHN1,,0,0,4.44533762,
1162,LPXN,,0,0,3.93609325,
1163,LRFN1,,0,0,4.12178457,
1164,LRIF1,,0,0,4.68368167,
1165,LRIG1,,0,0,4.09606109,
1167,LRRC15,,0,0,4.02733119,
1168,LRRC28,,0,0,3.81310289,
1169,LRRC8E,,0,0,5.26004823,
1170,LRRK2,,0,0,3.81310289,
1171,LRRTM1,,0,0,4.49557878,
1175,LTBP3,,0,0,4.44533762,
1177,LYN,,0,0,4.27853698,
1178,LYPD3,,0,0,5.068729900000001,
1180,LYRM4,,0,0,5.50361736,
1181,LYST,,0,0,4.31752412,
1183,MAD2L1,,0,0,4.81189711,
1184,MAF1,,0,0,4.60691318,
1185,MAGEA3,,0,0,3.97990354,
1187,MAGEB2,,0,0,3.99236334,
1190,MAGEE1,,0,0,4.35892283,
1191,MAGEL2,,0,0,4.09606109,
1192,MAGI1,,0,0,4.12178457,
1193,MAN2A1,,0,0,4.25763666,
1194,MANBAL,,0,0,4.44533762,
1195,MANSC1,,0,0,4.35892283,
1196,MAP1B,,0,0,4.44533762,
1198,MAP3K1,,0,0,4.1744373,
1199,MAP3K10,,0,0,3.97990354,
1200,MAP3K4,,0,0,4.95176849,
1201,MAP4K4,,0,0,4.93729904,
1202,MAPK14,,0,0,3.81310289,
1203,MAPK1IP1L,,0,0,4.02733119,
1204,MAPK3,,0,0,3.97990354,
1206,MAPK8,,0,0,4.20377814,
1207,MAPK8IP2,,0,0,4.2335209,
1208,MAPK8IP3,,0,0,4.289791,
1209,MAPKAP1,,0,0,4.12178457,
1210,MAPT,,0,1,4.11173633,
1211,Mar-01,,0,0,5.62700965,
1214,MAS1,,0,0,4.68368167,
1215,MAST3,,0,0,4.12178457,
1216,MAT2A,,0,0,4.50241158,
1217,MATK,,0,0,4.44533762,
1219,MATR3,,0,0,4.28336013,
1220,MBD1,,0,0,3.97990354,
1221,MBD3,,0,0,5.05385852,
1222,MBD4,,0,0,3.97990354,
1224,MCAT,,0,0,4.50241158,
1225,MCC,,0,0,4.23874598,
1226,MCCC2,,0,0,3.81310289,
1227,MCFD2,,0,0,4.20377814,
1229,MCM5,,0,0,4.27853698,
1230,MCMBP,,0,0,4.22909968,
1233,MCRS1,,0,0,5.16237942,
1234,MCU,,0,0,4.04421222,
1237,MECP2,,0,1,4.73231511,
1238,MED1,,0,0,4.289791,
1239,MED15,,0,0,3.99236334,
1240,MED20,,0,0,4.2335209,
1241,MED21,,0,0,3.97990354,
1243,MED4,,0,0,4.93729904,
1246,MELK,,0,0,4.22909968,
1250,METTL22,,0,0,4.27853698,
1251,METTL23,,0,0,4.27853698,
1253,MEX3C,,0,0,4.28336013,
1255,MIA3,,0,0,4.44533762,
1256,MID1,,0,0,3.97990354,
1258,MIPEP,,0,0,3.97990354,
1259,MITD1,,0,0,4.02733119,
1260,MKI67,,0,0,4.50241158,
1262,MKRN3,,0,0,4.289791,
1263,MKS1,,0,0,3.95699357,
1264,MLH1,,0,0,4.28898714,
1265,MLLT4,,0,0,4.22909968,
1266,MLST8,,0,0,3.99236334,
1267,MLX,,0,0,4.51366559,
1269,MMS19,,0,0,4.04421222,
1270,MOAP1,,0,0,4.44533762,
1271,MOB1B,,0,0,4.46463023,
1272,MOB3B,,20,0,4.46463023,
1273,MOB3C,,0,0,4.46463023,
1275,MOCS3,,0,0,4.71663987,
1276,MORC3,,0,0,3.97990354,
1277,MOSPD2,,0,0,5.08882637,
1279,MPP1,,0,0,3.97990354,
1280,MPRIP,,0,0,4.46824759,
1282,MRFAP1,,0,0,3.97990354,
1283,MRFAP1L1,,0,0,3.97990354,
1284,MRPL11,,0,0,4.60691318,
1285,MRPL16,,0,0,3.81310289,
1286,MRPL17,,0,0,4.60691318,
1287,MRPL2,,0,0,4.60691318,
1288,MRPL22,,0,0,4.60691318,
1289,MRPL24,,0,0,4.60691318,
1290,MRPL37,,0,0,3.81310289,
1291,MRPL4,,0,0,3.80988746,
1292,MRPL44,,0,0,4.64951768,
1293,MRPL48,,0,0,5.01889068,
1294,MRPL54,,0,0,4.60691318,
1295,MRPS16,,0,0,4.39107717,
1296,MRPS22,,0,0,4.64951768,
1297,MRPS23,,0,0,5.01889068,
1298,MRPS30,,0,0,3.81310289,
1299,MRPS7,,0,0,4.60691318,
1300,MSL1,,0,0,4.50241158,
1301,MSMO1,,0,0,3.99236334,
1302,MST1R,,0,0,4.50241158,
1303,MSX2,,0,0,3.99236334,
1306,MTCH2,,0,0,4.710209,
1307,MTCL1,,0,0,4.28898714,
1308,MTERF3,,0,0,4.4477492,
1309,MTERF4,,0,0,3.99236334,
1310,MTG1,,0,0,3.81310289,
1311,MTG2,,0,0,3.81310289,
1312,MTHFD1,,0,0,4.32154341,
1313,MTMR14,,0,0,4.39107717,
1316,MTNR1B,,0,0,4.95176849,
1317,MTOR,,0,0,3.97990354,
1319,MTPN,,14,0,4.81189711,
1321,MVB12A,,27,0,4.71663987,
1322,MVB12B,,0,0,4.71663987,
1323,MVD,,0,0,4.25763666,
1324,MYBPC3,,0,0,4.25763666,
1326,MYCBP2,,0,0,4.19533762,
1327,MYCL,,0,0,4.93729904,
1329,MYLK2,,2,0,5.18086817,
1330,MYO18A,,0,0,3.99236334,
1331,MYO1A,,0,0,4.31752412,
1332,MYO1E,,0,0,4.50241158,
1333,MYO9A,,0,0,4.28898714,
1334,MYOT,,0,0,4.02733119,
1335,NAA20,,0,0,4.23874598,
1336,NADK,,0,0,4.12178457,
1337,NAF1,,0,0,4.19533762,
1338,NAGK,,0,0,3.81310289,
1339,NAPB,,0,0,4.4477492,
1340,NARS,,0,0,3.99236334,
1341,NARS2,,0,0,3.81310289,
1342,NAT10,,0,0,4.02733119,
1343,NBEAL1,,0,0,4.31752412,
1344,NBR1,,0,0,3.90755627,
1346,NCAN,,0,0,4.46181672,
1347,NCAPD2,,0,0,3.81310289,
1348,NCEH1,,0,0,5.32234727,
1349,NCL,,0,0,4.95659164,
1350,NCLN,,0,0,4.50241158,
1353,NCOR2,,0,0,3.99236334,
1354,NCR3LG1,,0,0,4.81189711,
1355,NCSTN,,30,0,3.9340836,
1356,NDRG4,,0,0,4.4477492,
1357,NDUFA11,,0,1,4.2335209,
1358,NDUFA13,,0,0,4.2335209,
1359,NDUFA4,,0,0,4.2335209,
1360,NDUFA9,,0,1,4.2335209,
1361,NDUFAF2,,0,1,4.1744373,
1362,NDUFB7,,0,0,4.25763666,
1363,NDUFB8,,0,0,4.44533762,
1364,NDUFB9,,0,1,4.68368167,
1365,NDUFS1,,0,1,4.2335209,
1366,NDUFS7,,0,1,3.80988746,
1371,NEFM,,0,0,4.25763666,
1372,NEK1,,0,0,5.03094855,
1373,NELFCD,,0,0,4.44533762,
1374,NELFE,,0,0,4.19533762,
1377,NES,,0,0,4.25763666,
1378,NEU4,,0,0,3.81310289,
1379,NEUROD1,,0,0,3.97990354,
1380,NF1,,0,0,4.12178457,
1384,NFE2L1,,0,0,4.25763666,
1386,NHP2,,0,0,4.19533762,
1387,NIPBL,,0,0,4.02733119,
1389,NIPSNAP3A,,0,0,3.81310289,
1390,NIT1,,0,0,4.25763666,
1391,NLE1,,0,0,3.95699357,
1392,NLK,,0,0,3.99236334,
1393,NLRP3,,0,0,4.77250804,
1394,NME2P1,,0,0,3.93609325,
1395,NME4,,0,0,3.97990354,
1398,NOC2L,,0,0,4.46824759,
1399,NOC4L,,20,0,4.46463023,
1400,NOL11,,0,0,5.43006431,
1401,NONO,,0,0,4.32154341,
1402,NOP10,,0,0,4.19533762,
1403,NOS1AP,,0,0,3.81310289,
1405,NOS3,,0,0,4.11173633,
1408,NOXA1,,0,0,4.44533762,
1409,NPAT,,0,0,5.01889068,
1410,NPHP3,,0,0,3.99236334,
1411,NPM1,,0,0,4.95659164,
1412,NPY2R,,0,0,3.97990354,
1413,NR2F1,,0,0,5.05385852,
1416,NRAS,,0,0,4.95458199,
1417,NRD1,,0,0,4.710209,
1419,NRP1,,0,0,4.46181672,
1420,NSG1,,0,0,4.81270096,
1421,NSMAF,,0,0,3.95699357,
1422,NSUN4,,0,0,3.81310289,
1424,NT5E,,0,0,1.75,
1426,NUBP1,,0,0,4.20377814,
1427,NUDCD3,,0,0,6.11696141,
1429,NUDT19,,0,0,3.81310289,
1430,NUDT21,,0,0,3.99236334,
1431,NUDT3,,0,0,4.4477492,
1432,NUFIP1,,0,0,4.46181672,
1433,NUFIP2,,0,0,3.93609325,
1434,NUMB,,0,0,4.46181672,
1435,NUMBL,,0,0,3.99236334,
1436,NUP107,,0,0,4.77250804,
1437,NUP133,,0,0,4.77250804,
1438,NUP43,,0,0,4.77250804,
1439,NUP54,,0,0,4.22909968,
1440,NUP62,,0,0,4.46824759,
1441,NUP85,,0,0,4.77250804,
1442,NUP98,,0,0,4.77250804,
1443,NUPL1,,0,0,3.97990354,
1444,NUTM2B,,0,0,3.99236334,
1446,NXF2,,0,0,3.93609325,
1447,OAZ1,,0,0,3.99236334,
1449,OCIAD1,,0,0,4.2335209,
1450,ODF1,,0,0,3.95699357,
1451,OFD1,,0,1,4.20377814,
1452,OLIG1,,0,0,4.44533762,
1454,OPCML,,0,0,3.99236334,
1457,OSTF1,,0,0,3.97990354,
1458,OTUB1,,0,0,4.09606109,
1459,OTUB2,,0,0,4.1744373,
1460,OTX2,,0,0,3.99236334,
1462,OXCT2,,0,0,3.81310289,
1463,OXNAD1,,0,0,3.81310289,
1464,OXSR1,,0,0,4.23874598,
1466,P2RX5,,0,0,4.71101286,
1467,P3H1,,0,0,4.19533762,
1468,P4HA2,,0,0,3.93609325,
1469,P4HB,,0,0,3.81310289,
1470,PA2G4,,0,0,4.20377814,
1471,PABPC1,,0,0,3.93609325,
1472,PABPC4,,0,0,3.93609325,
1473,PACRG,,0,0,3.95699357,
1474,PACSIN1,,0,0,3.97990354,
1475,PACSIN2,,0,0,3.81310289,
1476,PACSIN3,,0,0,3.81310289,
1477,PALB2,,0,0,4.25763666,
1478,PALM2-AKAP2,,0,0,4.02733119,
1479,PAM16,,0,0,4.4477492,
1481,PARD3,,0,0,3.81310289,
1483,PAXIP1,,0,0,4.19533762,
1484,PBX3,,0,0,4.4477492,
1485,PCBD1,,0,0,4.60691318,
1486,PCDH10,,0,0,6.41800643,
1488,PCDH17,,0,0,6.41800643,
1489,PCDH20,,0,0,5.15353698,
1490,PCDH7,,0,0,6.41800643,
1491,PCDHB16,,0,0,4.49557878,
1492,PCDHGA11,,0,0,6.41800643,
1493,PCDHGB1,,0,0,4.710209,
1494,PCDHGB4,,0,0,4.710209,
1495,PCDHGC3,,0,0,6.41800643,
1497,PCK2,,0,0,3.81310289,
1498,PCNA,,0,0,4.19533762,
1499,PCSK5,,0,0,4.44533762,
1500,PCSK6,,0,0,4.44533762,
1502,PDCD4,,0,0,4.11173633,
1503,PDCD6,,0,0,4.04421222,
1504,PDCD6IP,,0,0,4.02733119,
1505,PDCL,,0,0,3.95699357,
1507,PDF,,0,0,4.50241158,
1509,PDIA3,,0,0,3.81310289,
1510,PDK1,,0,0,4.68368167,
1512,PDP2,,0,0,4.2335209,
1513,PEA15,,0,0,4.46181672,
1514,PEF1,,0,0,4.02733119,
1516,PEX11B,,0,0,3.97990354,
1518,PEX7,,0,0,3.95699357,
1519,PFAS,,0,0,4.25763666,
1520,PFN1,,0,0,4.50241158,
1521,PFN2,,0,0,3.97990354,
1523,PHB,,0,0,4.2335209,
1524,PHB2,,0,0,4.2335209,
1525,PHC2,,0,0,4.2335209,
1526,PHF20,,0,0,4.02733119,
1527,PHGDH,,0,0,4.50241158,
1528,PHLDB2,,0,0,4.22909968,
1529,PHLPP1,,0,0,4.19533762,
1530,PHLPP2,,39,0,4.19533762,
1531,PHPT1,,0,0,3.99236334,
1532,PHYHIPL,,0,0,4.710209,
1534,PIAS4,,0,0,3.97990354,
1536,PIH1D1,,0,0,4.60691318,
1537,PIK3R1,,0,0,3.97990354,
1538,PIM2,,0,0,3.99236334,
1542,PKM,,0,0,4.22909968,
1543,PKN2,,0,0,4.23874598,
1544,PKP1,,0,0,4.02733119,
1545,PKP2,,0,0,4.60691318,
1546,PKP4,,0,0,4.11173633,
1547,PLA2G10,,0,0,4.81189711,
1548,PLA2G2A,,0,0,4.09606109,
1549,PLBD2,,0,0,4.02733119,
1550,PLCG2,,0,0,3.81310289,
1551,PLEKHA1,,0,0,4.71101286,
1552,PLEKHA5,,0,0,4.22909968,
1553,PLEKHA7,,0,0,4.22909968,
1554,PLEKHB1,,0,0,3.99236334,
1555,PLEKHF2,,0,0,4.81270096,
1556,PLEKHO1,,0,0,4.71101286,
1557,PLG,,0,0,3.81310289,
1558,PLK1,,0,0,4.71663987,
1559,PLOD3,,0,0,3.81310289,
1562,PLTP,,0,0,5.32234727,
1563,PLXDC2,,0,0,5.08882637,
1564,PMF1,,0,0,4.71101286,
1566,PMM1,,0,0,4.44533762,
1567,PMPCB,,0,0,5.50361736,
1568,PNKP,,0,0,4.1744373,
1570,PNMA5,,0,0,5.38303859,
1573,POLA2,,0,0,4.25763666,
1574,POLD3,,0,0,4.09606109,
1575,POLG2,,0,0,4.95176849,
1576,POLR1A,,0,0,4.60691318,
1577,POLR1B,,0,0,4.60691318,
1578,POLR1C,,0,0,4.60691318,
1579,POLR1D,,0,0,4.60691318,
1580,POLR2A,,0,0,4.60691318,
1581,POLR2B,,0,0,4.60691318,
1582,POLR2E,,0,0,4.60691318,
1583,POLR2F,,0,0,4.60691318,
1585,POLR2H,,0,0,4.60691318,
1586,POLR2I,,0,0,4.19533762,
1588,POLR3B,,0,1,4.60691318,
1589,POLR3C,,0,0,4.60691318,
1590,POLR3D,,28,0,4.60691318,
1591,POLR3E,,28,0,4.60691318,
1592,POLR3F,,0,0,4.60691318,
1593,POLR3G,,0,0,4.60691318,
1594,POLR3GL,,0,0,4.60691318,
1595,POLR3H,,28,0,4.60691318,
1596,POLR3K,,0,0,4.60691318,
1598,POM121C,,0,0,4.81270096,
1599,PON2,,0,0,5.32234727,
1600,POT1,,0,0,4.51366559,
1601,POU5F1,,0,0,4.27853698,
1602,PPA1,,0,0,3.81310289,
1603,PPARG,,0,0,4.289791,
1604,PPAT,,0,0,3.99236334,
1605,PPFIA1,,0,0,4.64951768,
1606,PPIB,,0,0,4.19533762,
1607,PPIG,,0,0,4.44533762,
1608,PPM1A,,0,0,6.11696141,
1609,PPM1H,,0,0,4.12178457,
1610,PPM1J,,0,0,3.95699357,
1612,PPP1CC,,0,0,4.60691318,
1613,PPP1R12A,,0,0,4.39107717,
1615,PPP1R9A,,0,0,4.19533762,
1616,PPP1R9B,,0,0,4.19533762,
1619,PPP2R1A,,0,0,4.28898714,
1620,PPP2R1B,,0,0,4.28898714,
1625,PPP2R4,,0,0,3.95699357,
1626,PPP4C,,0,0,3.93810289,
1627,PPP4R2,,0,0,4.51366559,
1628,PPP6R2,,0,0,3.99236334,
1629,PPP6R3,,0,0,4.04421222,
1630,PQBP1,,0,1,3.99236334,
1631,PRAM1,,0,0,4.11173633,
1632,PRAMEF17,,0,0,3.81310289,
1634,PRDM5,,0,0,4.31752412,
1635,PRDX2,,0,0,4.11173633,
1636,PREP,,0,0,3.81310289,
1637,PRKAB1,,0,0,4.23874598,
1638,PRKACA,,0,0,5.76607717,
1639,PRKCE,,0,0,5.76607717,
1640,PRMT2,,0,0,3.97990354,
1641,PRMT5,,0,0,4.25763666,
1642,PRMT6,,0,0,4.710209,
1643,PRNP,,0,1,3.81310289,
1644,PRPF4,,0,0,3.95699357,
1645,PRPF40A,,0,0,3.97990354,
1646,PRPF40B,,0,0,3.97990354,
1647,PRPF4B,,0,0,4.31752412,
1648,PRPH,,0,1,4.28898714,
1649,PRPS1,,0,1,4.35651125,
1650,PRR20A,,0,0,3.99236334,
1651,PRRC2A,,0,0,3.99236334,
1652,PRRC2B,,0,0,3.99236334,
1655,PSENEN,,30,0,3.9340836,
1657,PSMA5,,0,0,4.11173633,
1658,PSMA6,,0,0,3.95699357,
1659,PSMA7,,0,0,4.20377814,
1661,PSMB3,,0,0,4.81189711,
1662,PSMB7,,0,0,3.97990354,
1663,PSMC1,,0,0,4.46824759,
1664,PSMC2,,0,0,4.46824759,
1668,PSMD11,,0,0,5.08882637,
1670,PSMD7,,0,0,4.46824759,
1672,PSPH,,0,0,3.99236334,
1673,PSRC1,,0,0,4.1744373,
1674,PSTPIP1,,0,0,4.68368167,
1675,PTAR1,,0,0,4.09606109,
1676,PTBP1,,0,0,4.20377814,
1679,PTGER4,,0,0,4.11173633,
1680,PTGES2,,0,0,3.97990354,
1681,PTGES3,,0,0,4.46463023,
1682,PTGIR,,0,0,5.62700965,
1683,PTH1R,,3,0,1.75,
1684,PTMS,,0,0,3.81310289,
1685,PTPDC1,,0,0,4.28898714,
1686,PTPMT1,,0,0,4.2335209,
1687,PTPN1,,0,0,4.35892283,
1688,PTPN18,,0,0,3.93609325,
1689,PTPN2,,0,0,3.81310289,
1690,PTPN21,,0,0,4.31752412,
1691,PTPN23,,0,0,4.09606109,
1692,PTPN6,,0,0,4.20377814,
1693,PTPRA,,0,0,3.93609325,
1695,PTPRR,,0,0,4.32154341,
1696,PTPRS,,0,0,6.41800643,
1698,PUM1,,0,0,3.99236334,
1699,PUS1,,0,0,3.81310289,
1700,PUSL1,,0,0,3.81310289,
1701,QARS,,36,0,4.08641479,
1702,QKI,,0,0,3.99236334,
1703,QRICH1,,0,0,3.99236334,
1704,QTRT1,,0,0,3.81310289,
1705,R3HDM1,,0,0,3.99236334,
1706,R3HDM2,,0,0,3.99236334,
1707,RAB11A,,0,0,4.35892283,
1709,RAB1B,,0,0,3.81310289,
1711,RAB2B,,0,0,4.81189711,
1712,RAB30,,0,0,3.97990354,
1713,RAB33A,,0,0,4.4477492,
1716,RAB5B,,0,0,3.81310289,
1719,RABAC1,,0,0,4.35651125,
1720,RABEP1,,0,0,4.46824759,
1721,RABGEF1,,0,0,4.46181672,
1722,RAC2,,0,0,4.2335209,
1725,RAD23B,,0,0,4.1744373,
1726,RAD50,,0,0,4.50241158,
1728,RAD51AP1,,39,0,4.19533762,
1729,RAD52,,0,0,3.81310289,
1730,RAD54L2,,0,0,3.99236334,
1731,RAE1,,0,0,4.60691318,
1733,RAI2,,0,0,3.99236334,
1734,RALA,,0,0,5.01889068,
1735,RALB,,0,0,4.32154341,
1736,RALY,,0,0,4.68368167,
1737,RAN,,0,0,4.31752412,
1739,RAP1GDS1,,0,0,4.25763666,
1740,RAPGEF1,,0,0,3.99236334,
1742,RAPGEF4,,0,0,3.99236334,
1743,RAPGEF5,,0,0,5.26004823,
1745,RASA1,,0,0,3.97990354,
1746,RASAL2,,0,0,4.12178457,
1747,RASL10B,,0,0,3.81310289,
1750,RBFOX1,,0,0,3.76406752,
1751,RBFOX2,,31,0,3.76406752,
1752,RBM12B,,0,0,4.44533762,
1753,RBM26,,0,0,3.99236334,
1754,RBM42,,0,0,4.50241158,
1755,RBM45,,0,0,4.2335209,
1756,RBM6,,0,0,5.03094855,
1757,RBPJ,,0,0,4.28336013,
1759,RC3H1,,0,0,3.81310289,
1760,RCAN2,,0,0,4.02733119,
1761,RCC2,,0,0,4.23874598,
1762,RCCD1,,0,0,5.26004823,
1763,RCL1,,0,0,4.02733119,
1765,RCN2,,0,0,3.97990354,
1768,REEP4,,0,0,5.068729900000001,
1769,REEP5,,0,0,4.95458199,
1771,REL,,0,0,3.99236334,
1772,REV3L,,0,0,4.44533762,
1773,REXO2,,0,0,3.81310289,
1774,RFFL,,0,0,4.1744373,
1775,RFWD2,,0,0,3.95699357,
1777,RFX6,,0,0,4.289791,
1778,RFXANK,,0,0,3.97990354,
1780,RGS7,,0,0,3.95699357,
1782,RHOT1,,0,0,4.04421222,
1783,RHOXF2,,0,0,3.99236334,
1784,RIC3,,0,0,4.04421222,
1785,RIMBP2,,0,0,4.44533762,
1786,RIPPLY2,,0,0,4.02733119,
1787,RMDN3,,0,0,4.11173633,
1788,RNF111,,0,0,4.77250804,
1789,RNF114,,0,0,4.95458199,
1790,RNF126,,0,0,5.50361736,
1791,RNF128,,0,0,4.09606109,
1792,RNF139,,0,0,4.04421222,
1793,RNF166,,0,0,4.289791,
1794,RNF170,,0,0,4.04421222,
1795,RNF185,,0,0,4.04421222,
1796,RNF19B,,0,0,4.19533762,
1798,RNF20,,0,0,3.97990354,
1800,RNF32,,0,0,4.11173633,
1801,RNF4,,0,0,3.99236334,
1802,RNF41,,0,0,4.09606109,
1803,RNF5,,0,0,4.04421222,
1804,ROBO2,,0,0,4.31752412,
1805,RP9,,0,0,4.25763666,
1806,RPA1,,0,0,4.28336013,
1807,RPA2,,0,0,4.28336013,
1808,RPA3,,0,0,4.28336013,
1812,RPGR,,0,0,4.27853698,
1813,RPGRIP1L,,0,0,4.04421222,
1815,RPL10A,,0,0,4.02733119,
1816,RPL13,,0,0,4.08641479,
1817,RPL15,,0,0,4.20377814,
1818,RPL17,,0,0,4.20377814,
1819,RPL21,,0,0,4.20377814,
1820,RPL23,,0,0,6.41800643,
1821,RPL23A,,0,0,4.20377814,
1822,RPL27A,,0,0,4.08641479,
1823,RPL31,,0,0,4.44533762,
1824,RPL36,,0,0,4.20377814,
1826,RPL6P1,,0,0,4.09606109,
1827,RPL7A,,0,0,4.20377814,
1828,RPLP0,,0,0,4.08641479,
1829,RPN1,,0,0,4.2335209,
1830,RPS17,,0,0,4.44533762,
1831,RPS27,,0,0,4.23874598,
1832,RPS5,,0,0,4.60691318,
1834,RPS6KB1,,0,0,3.97990354,
1836,RPS9,,0,0,4.81189711,
1837,RPUSD3,,0,0,3.81310289,
1838,RSC1A1,,0,0,3.81310289,
1839,RSF1,,0,0,4.1744373,
1840,RTKN,,0,0,4.12178457,
1841,RTN1,,0,0,5.16237942,
1844,RUVBL1,,0,0,4.60691318,
1845,RUVBL2,,0,0,4.60691318,
1846,RXRA,,0,0,4.289791,
1847,RYR2,,0,0,4.11173633,
1848,S100A10,,0,0,4.22909968,
1849,S100A3,,0,0,4.02733119,
1850,S100A7,,0,0,4.02733119,
1851,S100A9,,0,0,4.28898714,
1852,S100B,,0,0,4.35651125,
1854,SAMD3,,0,0,3.81310289,
1855,SAP30BP,,0,0,3.81310289,
1856,SAR1A,,0,0,3.99236334,
1858,SC5D,,0,0,4.81270096,
1859,SCAMP2,,0,0,4.81270096,
1860,SCAP,,0,0,4.04421222,
1861,SCARB2,,0,1,3.81310289,
1863,SCFD1,,12,0,5.62700965,
1864,SCGB1D1,,0,0,5.32234727,
1866,SCLY,,0,0,4.02733119,
1867,SCML1,,0,0,5.28014469,
1868,SCN1A,,0,0,4.11173633,
1869,SCNN1A,,0,0,4.09606109,
1870,SCNN1B,,0,0,4.09606109,
1871,SCNN1G,,0,0,4.09606109,
1872,SCO1,,0,0,4.710209,
1873,SCO2,,0,0,4.710209,
1874,SCP2,,0,0,4.44533762,
1875,SDC1,,0,0,4.51366559,
1878,SDCCAG3,,0,0,5.08882637,
1879,SDF2,,0,0,5.03094855,
1881,SDR39U1,,0,0,3.81310289,
1882,SEC13,,0,0,4.02733119,
1883,SEC16A,,0,0,3.93609325,
1884,SEC23IP,,0,0,5.26004823,
1885,SEC24A,,0,0,4.02733119,
1886,SEC31A,,26,0,4.02733119,
1887,SEC31B,,0,0,3.95699357,
1888,SEC61B,,0,0,4.04421222,
1889,SEH1L,,0,0,3.95699357,
1890,SELENBP1,,0,0,4.02733119,
1891,SEMA3B,,0,0,4.50241158,
1892,SEMA4G,,0,0,3.99236334,
1893,SENP2,,0,0,4.4477492,
1894,SENP3,,0,0,4.32154341,
1895,Sep-09,,0,0,3.81310289,
1897,SERPINH1,,0,0,4.39107717,
1898,SERTAD3,,4,0,5.97186495,
1899,SERTAD4,,0,0,4.28898714,
1900,SET,,0,0,4.19533762,
1902,SF1,,0,0,3.99236334,
1903,SF3A2,,0,0,3.81310289,
1904,SF3B2,,0,0,5.01889068,
1905,SFN,,0,0,4.09606109,
1906,SFXN2,,0,0,4.68368167,
1907,SGK2,,0,0,3.95699357,
1908,SGMS1,,0,0,3.99236334,
1909,SH3BGR,,0,0,4.25763666,
1910,SH3BP4,,0,0,4.22909968,
1911,SH3GL2,,33,0,3.93609325,
1914,SH3PXD2A,,0,0,4.12178457,
1915,SHFM1,,0,0,3.93609325,
1917,SHQ1,,0,0,4.19533762,
1919,SIKE1,,0,0,4.95458199,
1920,SIPA1L1,,0,0,4.12178457,
1921,SIRT1,,0,0,3.81310289,
1923,SIRT4,,0,0,3.81310289,
1924,SIRT6,,0,0,3.95699357,
1926,SIX5,,0,0,3.99236334,
1927,SKA1,,0,0,4.28898714,
1928,SKA2,,0,0,4.28898714,
1929,SKA3,,0,0,4.28898714,
1931,SKI,,0,0,3.81310289,
1934,SLAMF1,,0,0,4.81189711,
1936,SLC16A2,,3,1,1.0,
1937,SLC18A1,,0,0,4.84364952,
1938,SLC19A2,,0,0,5.08882637,
1940,SLC1A5,,0,0,5.62700965,
1941,SLC22A16,,0,0,5.62700965,
1942,SLC22A6,,0,0,5.62700965,
1943,SLC22A9,,0,0,5.62700965,
1945,SLC25A33,,0,0,3.81310289,
1946,SLC25A39,,0,0,3.81310289,
1947,SLC25A41,,0,0,3.81310289,
1948,SLC25A43,,0,0,3.81310289,
1950,SLC25A51,,0,0,3.99236334,
1951,SLC27A2,,0,0,4.50241158,
1952,SLC2A12,,0,0,4.68368167,
1954,SLC35B2,,0,0,4.81270096,
1955,SLC37A3,,0,0,5.62700965,
1956,SLC39A3,,0,0,4.81270096,
1957,SLC39A4,,5,0,5.24236334,
1958,SLC3A2,,0,0,4.1744373,
1959,SLC4A2,,0,0,3.99236334,
1960,SLC51A,,0,0,3.99236334,
1961,SLC5A8,,0,0,5.62700965,
1962,SLC6A13,,0,0,3.99236334,
1964,SLC7A1,,0,0,4.50241158,
1965,SLC7A2,,0,0,5.08882637,
1966,SLC7A6OS,,0,0,4.60691318,
1967,SLC9A1,,0,1,4.73231511,
1968,SLC9A3R1,,0,0,4.25763666,
1969,SLC9A3R2,,0,0,4.58360129,
1970,SLIT3,,0,0,4.25763666,
1971,SLMAP,,0,0,4.95458199,
1972,SLU7,,0,0,3.95699357,
1973,SMAD1,,0,0,4.54622186,
1974,SMAD2,,0,0,4.54622186,
1975,SMAD3,,23,0,4.54622186,
1976,SMAD9,,0,0,4.54622186,
1977,SMARCA4,,0,0,4.60691318,
1978,SMARCA5,,0,0,4.60691318,
1979,SMARCC2,,0,0,3.99236334,
1980,SMC2,,0,0,4.28336013,
1981,SMEK1,,0,0,4.51366559,
1982,SMEK2,,0,0,4.25763666,
1983,SMIM3,,0,0,4.81270096,
1984,SMLR1,,0,0,4.81270096,
1985,SMN1,,0,0,4.93729904,
1986,SMS,,0,0,3.81310289,
1989,SNAP29,,0,0,5.64790997,
1991,SNCG,,6,0,5.60209003,
1992,SND1,,0,0,4.20377814,
1993,SNRPB,,0,0,4.28336013,
1994,SNRPD3,,0,0,4.20377814,
1995,SNRPN,,0,0,4.28336013,
1996,SNUPN,,0,0,4.50241158,
1999,SNX10,,0,0,4.4477492,
2000,SNX11,,0,0,4.4477492,
2001,SNX12,,0,0,4.4477492,
2003,SNX21,,0,0,3.97990354,
2004,SNX27,,0,0,4.22909968,
2006,SNX4,,0,0,4.4477492,
2007,SOAT1,,0,0,4.04421222,
2008,SOX2,,0,0,4.54622186,
2010,SPA17,,0,0,4.71101286,
2011,SPACA1,,0,0,4.95659164,
2012,SPAG5,,0,0,5.38303859,
2014,SPATS1,,0,0,4.68368167,
2015,SPEN,,0,0,3.99236334,
2017,SPG20,,0,0,3.81310289,
2020,SPINK5,,0,0,4.02733119,
2021,SPP1,,0,0,4.09606109,
2022,SPPL2B,,0,0,4.11173633,
2023,SPRED2,,0,0,4.35651125,
2024,SPRTN,,0,0,4.1744373,
2026,SPRY2,,0,0,4.289791,
2027,SPTAN1,,0,0,4.25763666,
2029,SRC,,0,0,4.09606109,
2032,SRGAP2,,0,0,4.12178457,
2033,SRI,,0,0,4.1744373,
2034,SRP68,,0,0,4.64951768,
2035,SRPRB,,0,0,4.04421222,
2036,SRRM1,,0,0,3.95699357,
2038,SRRM4,,0,0,4.44533762,
2039,SRSF1,,0,0,4.44533762,
2040,SRSF12,,0,0,4.12178457,
2041,SRSF2,,0,0,3.95699357,
2042,SRSF3,,0,0,4.68368167,
2043,SSFA2,,0,0,4.46824759,
2044,SSR1,,0,0,3.95699357,
2045,SSSCA1,,0,0,3.95699357,
2046,SSX2IP,,0,0,5.38303859,
2047,ST13,,0,0,4.11173633,
2048,ST6GALNAC6,,0,0,3.99236334,
2049,ST8SIA4,,0,0,5.15353698,
2050,STAC2,,0,0,3.99236334,
2051,STAM,,0,0,4.09606109,
2053,STAMBP,,0,0,4.68368167,
2054,STAMBPL1,,0,0,4.11173633,
2055,STARD7,,0,0,4.710209,
2056,STAT3,,0,0,4.25763666,
2057,STAT5B,,0,0,4.02733119,
2058,STAT6,,0,0,4.09606109,
2060,STAU2,,0,0,4.28336013,
2062,STK24,,0,0,3.95699357,
2063,STK25,,0,0,4.95659164,
2066,STOML2,,0,0,4.710209,
2067,STRIP1,,0,0,4.95458199,
2069,STRN3,,0,0,3.95699357,
2073,STX1B,,0,0,5.64790997,
2074,STX4,,8,0,5.64790997,
2075,STXBP6,,0,0,5.03094855,
2076,STYX,,0,0,4.20377814,
2077,STYXL1,,0,0,4.39107717,
2078,SUCLA2,,0,0,4.4477492,
2079,SUGP2,,0,0,3.99236334,
2080,SUMF2,,0,0,4.44533762,
2082,SUMO2,,0,0,4.46824759,
2083,SUPT20H,,0,0,3.99236334,
2084,SUPT3H,,29,0,4.46824759,
2085,SUPT6H,,0,0,4.19533762,
2087,SUV39H2,,18,0,4.60088424,
2089,SV2A,,0,0,3.99236334,
2090,SYBU,,0,0,3.99236334,
2091,SYDE1,,0,0,4.12178457,
2092,SYNCRIP,,0,0,4.25763666,
2093,SYNE4,,0,0,4.93729904,
2094,SYNGR2,,0,0,5.08882637,
2095,SYNM,,0,0,4.28898714,
2096,SYPL2,,0,0,5.16237942,
2097,SYT1,,0,0,4.44533762,
2098,SYT12,,0,0,3.97990354,
2100,SZRD1,,0,0,4.46463023,
2101,TACC1,,0,0,3.97990354,
2102,TACC3,,0,0,4.28336013,
2103,TACR1,,0,0,5.62700965,
2105,TADA3,,0,0,4.46824759,
2106,TAF10,,0,0,4.46824759,
2107,TAF12,,0,0,4.46824759,
2108,TAF15,,0,0,4.44533762,
2109,TAF4,,0,0,3.97990354,
2110,TAF5L,,0,0,4.46824759,
2111,TAF6L,,0,0,4.46824759,
2112,TAF9,,0,0,4.46824759,
2113,TAGLN2,,0,0,4.50241158,
2114,TANGO2,,0,0,3.81310289,
2115,TAP1,,0,0,4.50241158,
2116,TARBP1,,0,0,4.19533762,
2118,TARS,,0,0,3.95699357,
2119,TARSL2,,0,0,4.20377814,
2120,TATDN1,,0,0,4.09606109,
2121,TAZ,,0,0,3.81310289,
2122,TBC1D17,,0,0,3.95699357,
2123,TBC1D22B,,0,0,4.25763666,
2124,TBC1D25,,0,0,4.22909968,
2125,TBC1D5,,0,0,3.99236334,
2126,TBC1D9B,,0,0,4.51366559,
2127,TBK1,,0,0,4.95659164,
2128,TBL1Y,,0,0,3.95699357,
2129,TBP,,0,1,4.46824759,
2130,TBX15,,0,0,3.99236334,
2131,TCAP,,0,0,3.99236334,
2132,TCEANC,,0,0,3.99236334,
2133,TCEB2,,0,0,4.50241158,
2134,TCERG1,,0,0,3.97990354,
2135,TCF12,,0,0,4.35651125,
2138,TCF7L2,,0,0,4.11173633,
2139,TCHP,,0,0,4.51366559,
2140,TCOF1,,0,0,4.19533762,
2142,TCTA,,0,0,3.99236334,
2143,TCTN1,,0,0,4.04421222,
2146,TDO2,,0,0,5.38303859,
2148,TDRD7,,0,0,3.93609325,
2149,TEAD2,,0,0,4.54622186,
2150,TEAD3,,0,0,4.73231511,
2152,TELO2,,0,0,4.44533762,
2153,TENC1,,0,0,4.289791,
2154,TERF1,,0,0,4.51366559,
2155,TERT,,0,0,3.95699357,
2157,TESK2,,0,0,4.12178457,
2158,TEX11,,0,0,4.1744373,
2159,TEX264,,0,0,4.49557878,
2160,TEX29,,3,0,1.75,
2161,TFAM,,0,0,4.4477492,
2162,TFAP2A,,0,0,4.95176849,
2163,TFAP4,,0,0,4.71101286,
2166,TFIP11,,0,0,5.38303859,
2167,TGFBR1,,0,0,4.11173633,
2168,TGM2,,0,0,4.28336013,
2169,TGM4,,0,0,5.26004823,
2170,TGS1,,0,0,4.2335209,
2172,THEG,,0,0,3.95699357,
2175,THOC3,,0,0,3.95699357,
2176,THOC5,,0,0,4.31752412,
2177,THOC7,,0,0,4.28336013,
2178,THOP1,,0,0,3.81310289,
2179,THY1,,0,0,4.46824759,
2180,TIAM1,,0,0,4.12178457,
2181,TIMM13,,0,0,4.32154341,
2183,TIMM50,,0,0,4.04421222,
2184,TIMMDC1,,0,1,4.2335209,
2185,TINAGL1,,0,0,4.25763666,
2186,TINF2,,0,0,4.27853698,
2187,TJP1,,0,0,4.27853698,
2189,TKT,,0,0,3.97990354,
2190,TMCC2,,0,0,3.81310289,
2192,TMED6,,7,0,5.15353698,
2193,TMEM128,,0,0,5.16237942,
2195,TMEM184B,,0,0,5.08882637,
2196,TMEM19,,0,0,4.81270096,
2198,TMEM25,,0,0,4.81270096,
2199,TMEM259,,0,0,4.04421222,
2200,TMEM57,,0,0,4.50241158,
2201,TMEM63B,,0,0,4.04421222,
2202,TMEM67,,0,0,4.04421222,
2203,TMEM70,,0,0,3.81310289,
2204,TMPO,,0,0,4.73231511,
2205,TMPPE,,0,0,4.81270096,
2206,TMTC4,,0,0,6.41800643,
2207,TMUB1,,0,0,4.04421222,
2208,TMUB2,,0,0,4.04421222,
2209,TMX2,,0,0,3.99236334,
2210,TNFAIP1,,0,0,4.27853698,
2211,TNFRSF17,,0,0,4.710209,
2212,TNFRSF1A,,0,0,4.35892283,
2213,TNKS,,0,0,5.16237942,
2214,TNNT1,,0,0,4.23874598,
2215,TOLLIP,,0,0,3.99236334,
2216,TOMM20,,0,0,3.99236334,
2217,TOMM20L,,0,0,4.1744373,
2218,TOP1,,0,0,4.28898714,
2219,TOP1MT,,0,0,4.02733119,
2220,TOP2A,,0,0,4.02733119,
2221,TOX4,,0,0,3.99236334,
2224,TP53I11,,0,0,3.99236334,
2225,TP63,,0,0,4.71663987,
2226,TPM4,,0,0,4.50241158,
2227,TPSB2,,0,0,4.27853698,
2230,TRAF3,,0,0,4.02733119,
2231,TRAF3IP3,,0,0,3.95699357,
2233,TRAFD1,,0,0,3.97990354,
2234,TRAK2,,0,0,4.93729904,
2235,TRAP1,,0,0,4.20377814,
2236,TRIB2,,0,0,3.81310289,
2241,TRIM29,,0,0,4.71663987,
2242,TRIM32,,0,0,3.99236334,
2243,TRIM35,,0,0,4.289791,
2244,TRIM38,,0,0,3.99236334,
2245,TRIM42,,0,0,4.71663987,
2246,TRIM43,,0,0,3.81310289,
2250,TRIM68,,0,0,4.02733119,
2251,TRIM9,,0,0,4.35651125,
2252,TRIP10,,0,0,3.97990354,
2253,TRIP12,,0,0,4.25763666,
2255,TRMT11,,0,0,4.19533762,
2256,TRMT1L,,0,0,3.81310289,
2257,TRMT2B,,0,0,3.81310289,
2258,TRMT6,,0,0,4.23874598,
2259,TRMT61A,,0,0,4.23874598,
2260,TRMU,,0,0,3.81310289,
2261,TRRAP,,29,0,4.46824759,
2262,TRUB2,,0,0,3.81310289,
2263,TSC1,,0,0,3.99236334,
2264,TSC22D1,,0,0,4.44533762,
2265,TSC22D4,,9,0,4.71663987,
2266,TSEN2,,0,0,4.09606109,
2268,TSNAX,,0,0,4.20377814,
2270,TSPAN5,,0,0,4.81270096,
2271,TSPAN7,,0,0,4.44533762,
2273,TSR1,,0,0,4.60691318,
2274,TSSC1,,0,0,3.95699357,
2275,TSSK6,,0,0,3.95699357,
2276,TTC19,,0,1,3.99236334,
2277,TTC23,,0,0,3.97990354,
2278,TTC27,,0,0,3.95699357,
2279,TTC39B,,0,0,3.81310289,
2281,TUBA1B,,0,0,4.11173633,
2283,TUBA3E,,0,0,4.27853698,
2284,TUBA4A,,0,0,4.27853698,
2285,TUBA8,,0,0,4.04421222,
2287,TUBB2B,,0,0,4.44533762,
2289,TUBB4B,,0,0,3.81310289,
2291,TUBGCP2,,0,0,4.27853698,
2292,TUBGCP3,,0,0,3.81310289,
2293,TUBGCP4,,0,0,4.51366559,
2294,TUBGCP5,,0,0,4.32154341,
2296,TWF1,,0,0,4.20377814,
2297,TXLNA,,0,0,4.23874598,
2298,TXNDC11,,0,0,4.46824759,
2299,TXNDC15,,0,0,4.35892283,
2300,TXNDC17,,0,0,4.71101286,
2301,TXNDC9,,0,0,3.95699357,
2302,TXNL1,,0,0,3.95699357,
2303,TYK2,,0,0,3.95699357,
2304,TYMS,,0,0,4.71101286,
2306,UBAC1,,0,0,3.97990354,
2307,UBAC2,,0,0,4.04421222,
2308,UBAP1,,0,0,4.71663987,
2309,UBAP2L,,0,0,3.99236334,
2310,UBB,,1,0,1.5,
2315,UBE2G1,,0,0,4.09606109,
2320,UBE2S,,0,0,4.1744373,
2321,UBE3A,,0,0,4.71663987,
2322,UBE4B,,0,0,4.1744373,
2327,UBR2,,0,0,4.32154341,
2328,UBR4,,0,0,3.81310289,
2329,UBR5,,0,0,4.19533762,
2330,UBXN10,,0,0,4.71101286,
2331,UFD1L,,0,0,4.04421222,
2332,UHRF1BP1L,,0,0,3.99236334,
2333,UHRF2,,0,0,3.99236334,
2334,UIMC1,,0,0,4.19533762,
2335,ULK1,,0,0,3.97990354,
2336,UMAD1,,0,0,4.02733119,
2337,UMPS,,0,0,4.11173633,
2338,UNC13B,,0,0,4.19533762,
2340,UPF1,,0,0,4.28336013,
2341,UPF3A,,0,0,3.97990354,
2343,UPP1,,0,0,4.71101286,
2345,UQCRQ,,0,0,4.2335209,
2346,URB1,,0,0,4.02733119,
2347,URI1,,0,0,4.60691318,
2348,UROD,,0,0,4.71101286,
2349,USE1,,0,0,4.81270096,
2350,USF1,,0,0,4.2335209,
2351,USH1C,,0,0,4.19533762,
2352,USHBP1,,0,0,5.38303859,
2353,USP1,,39,0,4.19533762,
2354,USP12,,39,0,4.19533762,
2355,USP13,,0,0,4.1744373,
2356,USP14,,0,0,3.97990354,
2357,USP15,,0,0,4.09606109,
2360,USP24,,0,0,4.50241158,
2361,USP28,,0,0,4.09606109,
2362,USP38,,24,0,4.28336013,
2363,USP46,,0,0,4.19533762,
2364,USP47,,0,0,5.01889068,
2365,USP5,,0,0,4.46463023,
2366,USP50,,0,0,4.2335209,
2367,USP54,,0,0,3.99236334,
2368,USP7,,0,0,3.99236334,
2370,UTP14A,,0,0,3.97990354,
2371,UTY,,0,0,4.31752412,
2372,UXT,,0,0,4.60691318,
2374,VAMP8,,0,0,4.09606109,
2376,VAPB,,0,0,5.64790997,
2380,VDAC1,,0,0,4.04421222,
2381,VHL,,0,0,3.76969453,
2382,VIM,,0,0,4.25763666,
2383,VIPR2,,0,0,5.97186495,
2384,VPS16,,0,0,6.11696141,
2386,VPS26B,,0,0,4.93729904,
2387,VPS28,,27,0,4.71663987,
2389,VPS37C,,0,0,4.02733119,
2390,VPS41,,0,0,6.11696141,
2391,VPS4B,,0,0,4.09606109,
2392,VPS52,,0,0,4.44533762,
2393,VSIG1,,0,0,4.35892283,
2394,VSIG4,,0,0,4.35892283,
2395,VSIG8,,0,0,4.02733119,
2396,VSNL1,,0,0,3.99236334,
2397,VSTM2L,,0,0,3.99236334,
2398,VSX2,,0,0,4.19533762,
2399,VTA1,,0,0,4.77250804,
2400,VTN,,0,0,5.16237942,
2401,VWA5A,,0,0,4.95659164,
2403,WARS,,0,0,4.46463023,
2404,WBP1,,0,0,4.44533762,
2405,WBSCR16,,0,0,3.99236334,
2406,WDR20,,0,0,4.19533762,
2407,WDR45,,0,0,4.77250804,
2410,WDR70,,0,0,4.19533762,
2412,WDR77,,0,0,3.95699357,
2413,WDR82,,0,0,3.95699357,
2414,WDR83,,0,0,3.95699357,
2415,WDR86,,0,0,3.95699357,
2417,WDTC1,,0,0,3.95699357,
2418,WIPI2,,0,0,4.4477492,
2419,WNK1,,0,0,3.99236334,
2420,WNK2,,0,0,3.99236334,
2421,WRAP53,,0,0,3.95699357,
2422,WRN,,0,0,4.19533762,
2423,WWOX,,0,1,3.93609325,
2424,XAGE3,,0,0,3.97990354,
2425,XPNPEP1,,0,0,4.23874598,
2427,XPR1,,0,0,4.35892283,
2430,XRN1,,0,0,3.95699357,
2432,YARS,,0,0,4.19533762,
2433,YARS2,,0,1,3.81310289,
2435,YEATS4,,0,0,3.93609325,
2441,YWHAH,,0,0,4.22909968,
2444,YY1AP1,,0,0,3.99236334,
2445,ZAP70,,0,0,5.29863344,
2446,ZBTB14,,0,0,4.22909968,
2447,ZBTB2,,0,0,4.19533762,
2449,ZBTB22,,0,0,5.01889068,
2450,ZBTB32,,0,0,3.99236334,
2451,ZBTB33,,0,0,4.19533762,
2452,ZC3H10,,0,0,3.99236334,
2453,ZC3H7B,,0,0,3.99236334,
2454,ZC3HAV1,,0,0,4.28898714,
2455,ZCCHC13,,0,0,3.99236334,
2456,ZCCHC17,,0,0,4.44533762,
2457,ZCCHC8,,0,0,4.28898714,
2460,ZFAND2B,,0,0,5.08882637,
2462,ZFP36,,0,0,4.54622186,
2463,ZFYVE19,,0,0,3.97990354,
2464,ZFYVE21,,0,0,4.4477492,
2467,ZHX1,,31,0,3.99236334,
2468,ZHX2,,0,0,3.99236334,
2469,ZHX3,,0,0,3.99236334,
2470,ZIC1,,0,0,4.25763666,
2471,ZMAT2,,0,0,3.97990354,
2472,ZNF136,,0,0,4.28898714,
2473,ZNF233,,0,0,4.44533762,
2474,ZNF263,,0,0,4.35651125,
2475,ZNF276,,0,0,3.99236334,
2476,ZNF318,,0,0,5.01889068,
2477,ZNF391,,0,0,4.4477492,
2478,ZNF451,,0,0,3.97990354,
2479,ZNF488,,0,0,3.99236334,
2480,ZNF576,,0,0,5.09003215,
2481,ZNF598,,0,0,4.50241158,
2482,ZNF609,,0,0,3.99236334,
2483,ZNF638,,0,0,4.12178457,
2484,ZNF639,,0,0,4.19533762,
2485,ZNF655,,0,0,3.97990354,
2486,ZNF746,,0,0,4.23874598,
2487,ZNF804A,,0,0,3.99236334,
2488,ZNHIT2,,0,0,4.60691318,
2490,ZNRF4,,0,0,4.49557878,
2491,ZRANB1,,0,0,4.32154341,
2492,ZSCAN1,,0,0,3.99236334,
2493,ZSWIM8,,0,0,3.99236334,
2494,ZW10,,0,0,4.50241158,
2495,ZXDC,,0,0,3.99236334,
2496,ZYX,,0,0,3.99236334,
