nodeID,betweenness centrality,ModuLand bridgeness,log_Cen,log_bridg
PSEN2,3175.17011,0.105681,3.501766998,-0.976003086
CAPN1,204823.1849,23.57249,5.311379115,1.37240546
HTT,339323.0862,13.819579,5.530613408,1.140494813
SETD2,2343.498225,0.000441,3.369864629,-3.355561411
HAP1,482.557821,0.006031,2.683549359,-2.219610672
ZDHHC17,6126.282016,0.004991,3.787196985,-2.30181243
HYPK,0,0.000048,,-4.318758763
TRIP10,0,0.000012,,-4.920818754
ATXN1,533774.5774,82.524816,5.727357885,1.916584565
COIL,0,0,,
VPS37A,19569.54067,2.399067,4.291580632,0.380042377
TSG101,10125.04955,10.332751,4.005397157,1.014215964
UBQLN4,1525.621833,0.038755,3.183446895,-1.411672259
ANP32A,0,0.000047,,-4.327902142
USP7,0,0.000047,,-4.327902142
ATXN7,135061.4574,13.691977,5.130531432,1.136466161
CRX,0,0.001288,,-2.890084137
AP4E1,27098.71932,12.488796,4.432948767,1.096520572
AP4B1,7366.483336,3.519999,3.867260211,0.54654254
XRN1,0,0.000004,,-5.397940009
CCT5,342121.2295,10.793121,5.534180024,1.033147046
THEG,0,0.000004,,-5.397940009
DTNB,0,0.00003,,-4.522878745
KIF5A,47002.37416,3.41075,4.672119795,0.532849888
ARL6,0,0.00045,,-3.346787486
ARL6IP1,90725.52683,10.912572,4.957729499,1.037927122
VPS28,0,0,,
MDFI,6870.284277,0.046152,3.836974708,-1.335809474
AP5Z1,4989.737734,0.001272,3.698077719,-2.895512889
BSCL2,83691.04504,16.389179,4.922678991,1.214557199
TMEM19,0,0.004325,,-2.364013888
SMIM3,0,0.004325,,-2.364013888
NT5C2,57761.84807,10.264189,4.76164108,1.01132464
NUDT18,1223.965782,0.080743,3.087769277,-1.092895118
PLSCR1,6455.965155,0.02689,3.809961178,-1.570409198
SPG7,87604.90821,12.042021,4.942528439,1.08069938
GGA2,10517.66913,0.011548,4.021919504,-1.937493225
SPG21,92611.66578,4.029464,4.966665696,0.60524728
USE1,0,0.000044,,-4.356547324
AKIRIN2,0,0,,
GAD1,7824.859803,0.510521,3.893476565,-0.291986389
HAAO,0,0.011015,,-1.958015499
TRAF2,6493.818099,1.10266,3.812500119,0.04244162
RABAC1,0,0,,
CTPS2,0,0,,
KRTAP4-12,0,0.000285,,-3.54515514
NME7,455.259433,0.150223,2.658258953,-0.823263569
MTMR9,3055.264415,0.010512,3.485048802,-1.978314648
ZNF263,0,0.000198,,-3.70333481
INPP5K,0,0.00045,,-3.346787486
PRPS1,0,0,,
CUTC,0,0,,
RTN4,3128.985603,0.091916,3.495403565,-1.036608884
FXR2,3369.497116,0.482496,3.527565089,-0.316506283
TFG,264269.8318,38.54654,5.422047588,1.585985401
SSSCA1,0,0.000099,,-4.004364805
MOB3B,0,0.009344,,-2.02946717
NOC4L,0,0.001087,,-2.963770456
IKBKE,2132.283932,0.016957,3.328845034,-1.77065098
DSTYK,63591.40871,15.092724,4.803398446,1.17876763
YWHAB,6281.241039,0.082394,3.79804546,-1.084104413
USP8,150351.2422,25.044749,5.177107021,1.398716684
RAB14,1878.793006,0.273135,3.273878935,-0.563622645
YWHAZ,2964.963269,0.067544,3.472019318,-1.170413224
HSPE1,6796.21797,0.888074,3.832267299,-0.051550845
MTPN,0,0.002,,-2.698970004
PSMB1,7353.842248,0.724212,3.866514309,-0.140134283
UBE2K,5953.12362,1.052244,3.774744901,0.022116458
PSMB3,0,0.002,,-2.698970004
MAD2L1,0,0.002,,-2.698970004
BSG,1082.481412,0.305916,3.034420448,-0.514397808
ATXN10,52117.52175,10.174859,4.716983756,1.0075284
YWHAQ,12398.30572,0.231163,4.093362341,-0.636081678
MCC,0,0.000001,,-6
MARS,99942.99007,5.185538,4.999752338,0.714793821
ATP5F1,14254.61302,3.492215,4.153955432,0.543100973
GIPC1,0,0.000001,,-6
STYXL1,0,0.00207,,-2.684029655
RPS9,0,0.002,,-2.698970004
DDT,0,0.002,,-2.698970004
PRKAB1,0,0.000001,,-6
LSM12,7219.812334,0.101379,3.858525909,-0.994051997
RAB5C,640.440802,0.11938,2.806478993,-0.923068425
ILK,3689.736086,0.246661,3.566995304,-0.607899512
MAGED1,1309.281251,0.026419,3.117032949,-1.578083625
GSTK1,766.620844,0.004605,2.884580623,-2.336770365
VHL,0,0.000411,,-3.386158178
ATXN2,201061.3666,10.234943,5.30332863,1.010085428
FIBP,0,0.000186,,-3.730487056
BRF2,0,0.000001,,-6
PSEN1,174009.6151,11.400987,5.240573246,1.05694245
CTNNB1,1939.36654,0.133719,3.287659898,-0.87380688
BRCA1,31390.14006,0.896183,4.496793253,-0.047603299
CDK16,151532.5861,8.531787,5.180506035,0.931040005
SFN,0,0.000004,,-5.397940009
FANCG,3795.50704,0.031093,3.579269801,-1.507337373
RTN2,31556.99067,0.818373,4.499095581,-0.087048707
RNF41,0,0.000032,,-4.494850022
NCSTN,0,0.086842,,-1.061270183
PRKACA,0,0.000725,,-3.139661993
PRKCE,0,0.000725,,-3.139661993
CLSTN1,0,0.000011,,-4.958607315
OTUB1,0,0.000004,,-5.397940009
RNF128,0,0.000004,,-5.397940009
PSENEN,0,0.034795,,-1.458483159
APH1A,0,0.034703,,-1.45963298
CABP1,0,0,,
CACNA1A,225545.2277,35.45747,5.353233642,1.549707744
STAM2,2889.579307,0.019331,3.460834619,-1.713745679
ATXN3,148903.0952,1.505677,5.172903725,0.177731816
VCP,84865.438,7.984099,4.928730857,0.902225913
L1CAM,48442.24751,5.065486,4.685224284,0.704621119
AP2A1,0,0.001133,,-2.94577009
NUMB,0,0.001133,,-2.94577009
NEUROD1,0,0.000012,,-4.920818754
CAST,0,0,,
ZHX1,0,0.000602,,-3.220403509
PRPF40A,0,0.000048,,-4.318758763
PRPF40B,0,0.000012,,-4.920818754
MAGEA3,0,0.000012,,-4.920818754
FICD,0,0.000048,,-4.318758763
AP2A2,0,0.000012,,-4.920818754
OPTN,2987.116781,0.025412,3.475252202,-1.594961153
HYPM,2343.498225,0.000843,3.369864629,-3.074172425
HDAC1,17907.89084,1.461331,4.253044438,0.164748597
HSPD1,633538.839,18.288533,5.801773244,1.26217887
HDAC3,3290.826927,0.000836,3.517305042,-3.077793723
HIST2H2BE,1564.575691,0.13838,3.194396578,-0.858926674
ACTB,0,0.000004,,-5.397940009
CREBBP,482.557821,0.014821,2.683549359,-1.829122493
TBC1D17,0,0.000004,,-5.397940009
PEA15,0,0.001133,,-2.94577009
PHC2,0,0.00151,,-2.821023053
AFG3L2,120114.2817,9.576609,5.079594648,0.981211756
CHGB,0,0.00002,,-4.698970004
RALY,0,0.000285,,-3.54515514
FBXW7,1677.455261,0.011656,3.224650946,-1.933450461
FDFT1,0,0.00045,,-3.346787486
MOB4,1132.055806,0.001623,3.053867836,-2.78968148
KIDINS220,68438.98732,9.645087,4.835303575,0.984306149
LRIF1,0,0.000285,,-3.54515514
C14orf1,0,0.000307,,-3.512861625
GPRASP1,4518.299252,0.013753,3.654974991,-1.861602557
GBP2,3011.554338,0.006452,3.478790704,-2.190305641
TRIM28,12287.4317,0.004253,4.089461117,-2.371304617
ZEB2,35234.32167,6.172725,4.546965915,0.790476929
COPS6,2009.753494,0.039416,3.303142792,-1.404327451
ARL15,0,0.000307,,-3.512861625
IKBKAP,2582.248632,0.000107,3.411998056,-3.970616222
IMMT,26199.90389,0.098473,4.418299698,-1.006682831
TP53,27994.24326,2.623304,4.447068732,0.418848621
ITSN1,2397.69173,0.076638,3.379793345,-1.115555837
CRMP1,22912.26582,0.545191,4.360068039,-0.263451322
KIAA1377,0,0.000307,,-3.512861625
TP53BP2,1718.617177,0.16766,3.235179148,-0.775570538
NR3C1,599.451001,0.005548,2.77775369,-2.255863548
GFAP,0,0.000011,,-4.958607315
YWHAG,2964.963269,0.021435,3.472019318,-1.668876512
KIF1C,90401.78544,2.416372,4.956177008,0.383163795
YAP1,5877.181327,0.183627,3.76916909,-0.736063461
CACNB4,0,0,,
FLNB,0,0.000011,,-4.958607315
SH3GL3,2701.311017,0.086072,3.43157459,-1.065138105
ICAM5,0,0.000011,,-4.958607315
SP1,8129.500391,0.033929,3.910063856,-1.46942894
PKP4,0,0.000011,,-4.958607315
KLC1,0,0,,
EZR,0,0.020722,,-1.683568331
MAP3K10,0,0.000012,,-4.920818754
PMPCB,0,0.010967,,-1.959912157
FXN,7501.837056,2.147341,3.875167627,0.331901016
HIP1,0,0.001467,,-2.833569886
VAPA,14367.83647,23.137316,4.157391376,1.364312978
VAMP1,18789.72343,11.11313,4.273920388,1.045836395
STAM,0,0.000032,,-4.494850022
GRB2,29213.78816,3.872412,4.465587876,0.587981557
EGFR,68778.61177,29.661861,4.837453406,1.472198395
RASA1,0,0.000012,,-4.920818754
TCERG1,0,0.000048,,-4.318758763
PACSIN1,0,0.000012,,-4.920818754
DHFR,0,0.000008,,-5.096910013
STX1A,276.42268,2,2.441573673,0.301029996
STX1B,0,0,,
CA2,0,0.000008,,-5.096910013
KCNIP3,0,0.00004,,-4.397940009
SLC6A4,4820.276738,2.484445,3.683071972,0.395229387
KLC2,0,0,,
BAK1,0,0.000008,,-5.096910013
BAX,1345.191109,0.000939,3.128783988,-3.027334408
BCL2,0,0.000011,,-4.958607315
VAPB,0,0,,
NCAN,0,0.001133,,-2.94577009
UBQLN1,3045.93012,0.090373,3.483719935,-1.043961301
STX4,0,0,,
CDH1,11028.1172,0.362109,4.042501373,-0.441160681
CTNNA1,0,0.000011,,-4.958607315
CD4,3721.42617,0.002687,3.570709407,-2.570732334
ITGA5,0,0.001133,,-2.94577009
ITGAV,1094.337426,0.906899,3.039151252,-0.042441077
ARF1,0,0.001436,,-2.84284556
AP4M1,50820.55793,3.300036,4.706039429,0.518518678
F8A1,0,0.000012,,-4.920818754
NCOR1,5333.363582,0.000728,3.727001191,-3.137868621
PPP4C,0,0.000116,,-3.935542011
CTTNBP2,0,0.000004,,-5.397940009
PPP2CA,7208.618098,0.025357,3.857852018,-1.595902129
STK24,0,0.000004,,-5.397940009
STRN,5504.261425,0.43522,3.740699053,-0.361291155
STRN3,0,0.000099,,-4.004364805
TRAF3IP3,0,0.000004,,-5.397940009
PPP2CB,2625.485274,0.024115,3.419209587,-1.617712734
PPP2R2C,10575.76121,0.369956,4.024311636,-0.431849925
IGBP1,0,0.000015,,-4.823908741
TCP1,2097.923666,0.022892,3.321789682,-1.640316263
CASP3,0,0.000039,,-4.408935393
PKP2,0,0.000054,,-4.26760624
POLR3A,135317.7608,4.72622,5.131354803,0.674513934
GTF2B,0,0.000054,,-4.26760624
SYT1,0,0.00193,,-2.714442691
MBP,7329.06536,0.537219,3.865048595,-0.269848636
PLP1,35581.76033,9.819104,4.55122743,0.99207186
ALDH2,0,0.000008,,-5.096910013
CDK5R1,0,0.000015,,-4.823908741
CDK5,5779.92219,0.07473,3.761921992,-1.126505018
SLA2,13328.41749,9.674947,4.124778588,0.985648595
CD247,0,0.008215,,-2.085392432
ZAP70,0,0.008215,,-2.085392432
CBL,0,0,,
NOTCH1,9884.03151,0.276316,3.994934121,-0.558593967
TCF7L2,0,0.000011,,-4.958607315
BCL2L1,624.005759,0.000151,2.795188598,-3.821023053
HERPUD1,0,0.00004,,-4.397940009
ERN1,0,0.000011,,-4.958607315
CTNND1,2396.191449,0.002106,3.379521514,-2.676541633
MAPT,0,0.000011,,-4.958607315
NR2F1,0,0.00012,,-3.920818754
BCL11B,16121.00402,0.278767,4.207392086,-0.554758639
AIMP1,119365.4288,3.262606,5.076878563,0.513564631
RARS,2114.378904,0.033612,3.325182817,-1.473505645
RAD23A,10287.23359,4.415364,4.012298601,0.644966512
RAD23B,0,0.000023,,-4.638272164
CANX,26270.46508,20.986716,4.419467761,1.321944486
CALR,298.435425,1.698187,2.474850374,0.229985512
KCNIP4,0,0.000011,,-4.958607315
CIB1,0,0.000011,,-4.958607315
SF3A2,0,0.000008,,-5.096910013
ACTA2,0,0.000004,,-5.397940009
ACTA1,0,0.000004,,-5.397940009
POLR3D,0,0,,
POLR3E,0,0,,
NFKBIA,1566.885688,0.000742,3.195037314,-3.129596095
CNTN2,0,0.001133,,-2.94577009
GAD2,858.272671,0.004792,2.933625284,-2.319483191
PQBP1,0,0.000047,,-4.327902142
GAPDH,18750.76515,0.137303,4.273018994,-0.862319974
ADAR,99977.13168,16.404946,4.999900673,1.214974805
XPO1,30343.02577,10.900336,4.482058886,1.037439885
PSMC1,0,0.000077,,-4.113509275
PSMD2,2803.56464,0.004791,3.447710574,-2.319573829
PSMD7,0,0.000077,,-4.113509275
PSMC5,3387.796138,0.003883,3.529917269,-2.410832609
PSMC2,0,0.000077,,-4.113509275
PSMC6,2958.853296,0.003484,3.471123433,-2.457921854
PTPN21,0,0.000005,,-5.301029996
CTBP1,5137.480928,0.664904,3.710750223,-0.177241054
HGS,0,0.00045,,-3.346787486
TRAF6,3045.93012,0.109149,3.483719935,-0.961980239
YME1L1,3867.87527,0.357277,3.587472461,-0.446994941
AP4S1,39421.95646,2.025296,4.595738174,0.306488505
S100A10,0,0.000015,,-4.823908741
YWHAH,0,0.000015,,-4.823908741
UBC,114084.9813,11.420254,5.057228476,1.057675763
SMURF2,219.37346,0.000118,2.341184085,-3.928117993
UBE2E1,2889.579307,0.001561,3.460834619,-2.806597097
KIF23,0,0.003634,,-2.439615077
BIRC6,0,0.000032,,-4.494850022
ATXN7L3,0,0,,
USP22,1586.305643,0.290204,3.200386869,-0.537296606
TRRAP,0,0,,
KAT2A,0,0,,
SUPT3H,0,0,,
TAF10,0,0.001288,,-2.890084137
AMFR,10055.32845,0.113218,4.002396261,-0.946084521
HDLBP,0,0.000156,,-3.806875402
TAF12,0,0.001288,,-2.890084137
GSK3B,624.005759,0.000212,2.795188598,-3.673664139
CSF1,0,0.008215,,-2.085392432
LAMC2,0,0.008215,,-2.085392432
WDR48,161203.1491,2.35608,5.207373521,0.372190033
BCR,2508.107007,0.000182,3.399346061,-3.739928612
CSNK2A1,1603.981598,0.000331,3.205199381,-3.480172006
CSNK2A2,1603.981598,0.000813,3.205199381,-3.089909454
CSNK2B,28313.37588,1.509361,4.451991655,0.178793124
DKC1,0,0.000003,,-5.522878745
DMWD,0,0.000003,,-5.522878745
KRT31,1564.575691,0.13838,3.194396578,-0.858926674
KRT85,0,0.000004,,-5.397940009
POLR2G,2067.159574,0.000148,3.315374003,-3.829738285
POLR2I,0,0.000003,,-5.522878745
PPIB,0,0.000003,,-5.522878745
ZRANB1,0,0.002512,,-2.599980365
ALDH18A1,54766.20344,10.163923,4.738512635,1.007061366
SET,0,0.000003,,-5.522878745
STK11,1051.719206,0.000481,3.021899805,-3.317854924
SUPT6H,0,0.000003,,-5.522878745
TARBP1,0,0.000003,,-5.522878745
TCOF1,0,0.000003,,-5.522878745
USP1,0,0,,
WRN,0,0.000003,,-5.522878745
NELFE,0,0.000003,,-5.522878745
CUL4B,1880.059547,0.00114,3.274171605,-2.943095149
EIF3A,3395.435297,0.065698,3.530895459,-1.182447851
EIF3F,7088.792437,0.00072,3.85057226,-3.142667504
EIF3H,0,0.000003,,-5.522878745
KRT36,0,0.000004,,-5.397940009
USP13,0,0,,
ARHGEF10,0,0.000003,,-5.522878745
KDM4A,0,0.000003,,-5.522878745
ZBTB33,0,0.000003,,-5.522878745
PSME3,3239.108164,0.000683,3.510425451,-3.165579296
CRTAP,0,0.000003,,-5.522878745
UNC13B,0,0.000003,,-5.522878745
RAD51AP1,0,0,,
AHCYL1,1446.719584,0.000162,3.16038436,-3.790484985
USP50,0,0.00151,,-2.821023053
C11orf58,2508.107007,0.000182,3.399346061,-3.739928612
RAE1,0,0.000054,,-4.26760624
GPN1,5623.959526,0.003964,3.750042187,-2.401866354
PHLPP2,0,0.001106,,-2.956244873
MYCBP2,0,0.000003,,-5.522878745
PHLPP1,0,0.001106,,-2.956244873
BOP1,0,0.000003,,-5.522878745
AHCYL2,451.925466,0.000215,2.655066815,-3.66756154
AP3M1,0,0.000003,,-5.522878745
GPN3,2025.917363,0.007143,3.306621727,-2.14611935
ZNF639,0,0.000003,,-5.522878745
UBR5,0,0.000003,,-5.522878745
WDR70,0,0.000003,,-5.522878745
SHQ1,0,0.000003,,-5.522878745
NOP10,0,0.000003,,-5.522878745
PPP1R9A,0,0.000003,,-5.522878745
NHP2,0,0.000003,,-5.522878745
IWS1,0,0.000003,,-5.522878745
YLPM1,14634.62513,0.859376,4.165381602,-0.065816779
USP12,0,0,,
USP46,0,0,,
UIMC1,0,0.000003,,-5.522878745
WDR20,0,0,,
ZBTB2,0,0.000003,,-5.522878745
TRMT11,0,0.000003,,-5.522878745
P3H1,0,0.000003,,-5.522878745
OTUB2,0,0,,
KCTD10,0,0,,
PPP1R9B,0,0.000003,,-5.522878745
NAF1,0,0.000003,,-5.522878745
FAM122B,0,0.000003,,-5.522878745
RPL6P1,0,0.000004,,-5.397940009
RPAP2,2151.32258,0.000747,3.332705536,-3.126679398
RPAP1,5239.199743,0.001018,3.719264956,-2.992252222
HNRNPH1,516.171271,0.000051,2.712793829,-4.292429824
RPAP3,2151.32258,0.002767,3.332705536,-2.557990841
POLR3H,0,0,,
CDK9,1423.395458,0.000213,3.153325576,-3.671620397
AKT1,3415.46771,0.015407,3.533450184,-1.812281917
MLH1,0,0,,
PPP2R2B,76004.2214,0.314705,4.880837714,-0.502096357
ALK,0,0.000008,,-5.096910013
KDM5B,0,0.00193,,-2.714442691
STUB1,15910.12313,0.190787,4.201673541,-0.719451221
EPS15,0,0.000004,,-5.397940009
IKBKG,9108.680326,3.769368,3.959455461,0.576268539
C19orf12,488.528839,0.252779,2.688890206,-0.597259009
RFWD2,0,0.000004,,-5.397940009
BECN1,0,0.00151,,-2.821023053
CLN3,784.093356,0.006488,2.894367774,-2.187889159
GABARAP,0,0.000173,,-3.761953897
TECPR2,12699.37441,0.239202,4.103782327,-0.621235193
MAPK6,3104.450387,0.000715,3.491984724,-3.145693958
RAPGEF2,5139.626603,0.093878,3.710931568,-1.027436171
MAP4K4,0,0.00003,,-4.522878745
SREBF2,5428.236323,0.00075,3.734658747,-3.124938737
CEBPA,0,0.000992,,-3.003488328
EWSR1,17212.27541,0.261462,4.235838287,-0.582591421
PCBD1,0,0.000054,,-4.26760624
CHMP1B,3111.016268,0.27532,3.492902282,-0.560162239
CHMP1A,1220.270644,0.023399,3.086456164,-1.630802703
CHMP4C,0,0.000014,,-4.853871964
CHMP7,0,0.000004,,-5.397940009
AGO2,0,0.000012,,-4.920818754
SRRM2,516.171271,0.000051,2.712793829,-4.292429824
SRRM1,0,0.000004,,-5.397940009
EP300,2961.020074,0.048501,3.471441352,-1.314249307
KAT2B,482.557821,0.000032,2.683549359,-4.494850022
NCOR2,0,0.000047,,-4.327902142
ATXN1L,0,0.000602,,-3.220403509
CHD4,0,0.000011,,-4.958607315
MTA2,188.098733,0.005442,2.27438587,-2.264241463
MTA1,188.098733,0.005442,2.27438587,-2.264241463
RBBP7,188.098733,0.005442,2.27438587,-2.264241463
RBBP4,188.098733,0.005442,2.27438587,-2.264241463
HDAC2,1827.423064,0.549643,3.261839102,-0.259919299
MBD3,0,0.000011,,-4.958607315
UBE4B,0,0,,
TAF5L,0,0.000077,,-4.113509275
TADA2A,1348.882584,0.035795,3.129974147,-1.446177633
TADA3,0,0.000077,,-4.113509275
TBP,0,0.000077,,-4.113509275
CCDC101,0,0.001288,,-2.890084137
TAF9,0,0.000077,,-4.113509275
CBX5,0,0.000011,,-4.958607315
FANCA,0,0.000397,,-3.401209493
FANCC,0,0.000397,,-3.401209493
PALB2,0,0.000397,,-3.401209493
ATAD5,0,0.000027,,-4.568636236
XRCC6,482.557821,0.000032,2.683549359,-4.494850022
HDAC4,13942.9362,0.368737,4.14435424,-0.433283282
MYEF2,6837.312618,0.003737,3.834885437,-2.427476902
SUV39H1,533.071742,0.002283,2.726785661,-2.641494089
GAS2,0,0.000397,,-3.401209493
PCNA,0,0.000003,,-5.522878745
WDR82,0,0.000004,,-5.397940009
SYVN1,3804.17531,0.042983,3.580260523,-1.366703276
H2AFX,0,0.000004,,-5.397940009
APP,148274.5804,63.294292,5.171066704,1.801364546
KCNN4,0,0.000004,,-5.397940009
RNF185,0,0.000107,,-3.970616222
ERLIN2,216252.9458,18.406181,5.334962032,1.264963688
HAX1,6774.127386,0.215514,3.830853359,-0.666524512
TUBB4A,100813.8553,21.869627,5.003520223,1.339841376
MYC,31184.32771,14.837701,4.493936386,1.171366615
PPP2R2A,1465.806949,0.000105,3.166076776,-3.978810701
MTCL1,0,0,,
SKA2,0,0,,
SKA3,0,0,,
SKA1,0,0,,
FAM122A,0,0,,
SERTAD4,0,0,,
CDCA4,0,0,,
IER5,0,0,,
ZBTB21,2036.211328,0.000178,3.308822849,-3.749579998
SKIV2L2,1586.224907,0.000583,3.200364765,-3.234331445
CCT8,0,0.000116,,-3.935542011
CCT2,2097.923666,0.022884,3.321789682,-1.640468061
CCT4,0,0.00007,,-4.15490196
CCT7,0,0,,
BAG2,0,0,,
DYNLL1,2308.38751,1.178201,3.363308716,0.071219387
ZNF136,0,0,,
CCT3,962.385323,0.0363,2.983348991,-1.440093375
S100A9,0,0,,
PRPH,0,0,,
PPP2R1B,0,0,,
PPP2R1A,0,0,,
MYO9A,0,0,,
CCT6A,0,0.00007,,-4.15490196
CAPZB,0,0,,
PPP2R2D,1465.806949,0.000105,3.166076776,-3.978810701
PPP2R4,0,0.000004,,-5.397940009
ZC3HAV1,0,0,,
ZCCHC8,0,0,,
ATXN2L,7193.58608,0.000165,3.856945445,-3.782516056
IER2,0,0,,
TUFM,6638.757376,0.027127,3.822086797,-1.566598233
POU5F1,0,0.008586,,-2.066209116
CHUK,0,0.000012,,-4.920818754
IKBKB,0,0.000012,,-4.920818754
HSPA8,29054.5838,0.259153,4.463214659,-0.586443759
ICT1,5310.179736,0.089179,3.725109221,-1.049737402
SNW1,1737.796116,0.000698,3.239998822,-3.156144577
AGO3,0,0.000162,,-3.790484985
AGO4,0,0.000004,,-5.397940009
BCL6,0,0.00193,,-2.714442691
TJP1,0,0.000162,,-3.790484985
MED1,0,0.000163,,-3.787812396
KIF1A,77589.25343,66.509251,4.889801573,1.822882057
PPARG,0,0.000163,,-3.787812396
ACTN1,26087.88603,1.264695,4.416438889,0.101985802
ACTN2,6490.436372,0.029818,3.812273897,-1.52552149
ACTN4,861.06525,0.261487,2.935036063,-0.582549897
ADAM33,0,0.000077,,-4.113509275
AGRN,763.872055,0.039366,2.883020622,-1.404878712
CARD10,0,0.000077,,-4.113509275
CEP70,3981.353735,0.002067,3.600030765,-2.684659523
CEP72,0,0.000077,,-4.113509275
COG6,1718.617177,0.16766,3.235179148,-0.775570538
CRIM1,763.872055,0.039366,2.883020622,-1.404878712
EFEMP1,763.872055,0.039366,2.883020622,-1.404878712
EFEMP2,7542.321323,0.283586,3.877505031,-0.547315213
FBN1,0,0.000077,,-4.113509275
FN1,43118.79161,6.680885,4.634666581,0.824833996
GOLGA2,1348.882584,0.035795,3.129974147,-1.446177633
GOLGA3,0,0.000077,,-4.113509275
GRN,763.872055,0.039366,2.883020622,-1.404878712
JAG2,763.872055,0.039366,2.883020622,-1.404878712
KALRN,763.872055,0.039366,2.883020622,-1.404878712
LAMB1,15386.69081,0.133931,4.187145227,-0.873118888
LAMB2,0,0.000077,,-4.113509275
LRSAM1,1707.581148,0.002569,3.232381351,-2.590235896
LTBP4,763.872055,0.039366,2.883020622,-1.404878712
MATN2,7542.321323,0.283586,3.877505031,-0.547315213
MEGF6,763.872055,0.039366,2.883020622,-1.404878712
MEGF8,763.872055,0.039366,2.883020622,-1.404878712
MPRIP,0,0.000077,,-4.113509275
NELL1,763.872055,0.039366,2.883020622,-1.404878712
NELL2,763.872055,0.039366,2.883020622,-1.404878712
NOC2L,0,0.000077,,-4.113509275
NUP62,0,0.000077,,-4.113509275
PNMA1,5264.616482,0.424322,3.721366739,-0.372304451
PPP1R12C,763.872055,0.039366,2.883020622,-1.404878712
RABEP1,0,0.000077,,-4.113509275
TRIM27,1055.932622,0.003783,3.023636207,-2.422163659
RNF31,4401.24985,0.013194,3.643576023,-1.87962352
SIAH1,1868.995174,0.002346,3.27160818,-2.629671992
SNX1,2761.118157,0.600673,3.441084992,-0.221361889
SPRY1,763.872055,0.039366,2.883020622,-1.404878712
SSFA2,0,0.000077,,-4.113509275
THY1,0,0.000077,,-4.113509275
TRIM23,906.870662,0.016891,2.957545352,-1.772344638
TRIM54,10182.33351,0.243821,4.007847318,-0.612928892
TXNDC11,0,0.000077,,-4.113509275
UBQLN2,1868.995174,0.002346,3.27160818,-2.629671992
VWF,763.872055,0.039366,2.883020622,-1.404878712
ABCA2,0,0.00193,,-2.714442691
ABI1,0,0.00193,,-2.714442691
ALDOA,10641.46502,0.043872,4.027001422,-1.357812567
AMIGO2,0,0.00193,,-2.714442691
AP2M1,0,0.00193,,-2.714442691
ARHGAP22,0,0.00193,,-2.714442691
ASNA1,0,0.00193,,-2.714442691
BTG3,5070.868119,0.138468,3.705082316,-0.858650581
BZRAP1,3682.810709,0.082048,3.566179397,-1.085932001
C1QTNF1,0,0.00193,,-2.714442691
CALM2,0,0.00193,,-2.714442691
CALM3,0,0.00193,,-2.714442691
CKAP5,0,0.00193,,-2.714442691
DNAJB5,8088.795612,0.001469,3.907883862,-2.832978204
EHMT2,0,0.00193,,-2.714442691
FBLN1,0,0.00193,,-2.714442691
GOLGA6L5P,5094.789884,0.123458,3.707126278,-0.908480763
HHATL,0,0.00193,,-2.714442691
HECW1,0,0.00193,,-2.714442691
HIVEP1,5070.868119,0.138468,3.705082316,-0.858650581
HSPG2,0,0.00193,,-2.714442691
IP6K1,0,0.00193,,-2.714442691
KHDRBS3,5094.789884,0.123458,3.707126278,-0.908480763
TELO2,0,0.00193,,-2.714442691
KIAA1191,0,0.00193,,-2.714442691
SRRM4,0,0.00193,,-2.714442691
LLGL1,8958.429335,0.092898,3.952231872,-1.031993636
LPHN1,0,0.00193,,-2.714442691
LRP1,9504.927181,0.169255,3.977948794,-0.771458493
LTBP1,42007,0.007169,4.623321667,-2.14454142
LTBP3,0,0.00193,,-2.714442691
MANBAL,0,0.00193,,-2.714442691
MATK,0,0.00193,,-2.714442691
CYSRT1,0,0.00193,,-2.714442691
MIA3,0,0.00193,,-2.714442691
MOAP1,0,0.00193,,-2.714442691
NDUFB8,0,0.00193,,-2.714442691
NOXA1,0,0.00193,,-2.714442691
OLIG1,0,0.00193,,-2.714442691
PCSK5,0,0.00193,,-2.714442691
PCSK6,0,0.00193,,-2.714442691
PMM1,0,0.00193,,-2.714442691
PPIG,0,0.00193,,-2.714442691
PTGDS,20155.36711,0.80208,4.304390713,-0.095782313
RBM12B,0,0.00193,,-2.714442691
RIMBP2,0,0.00193,,-2.714442691
RPL31,0,0.00193,,-2.714442691
RPS17,0,0.00193,,-2.714442691
SCP2,0,0.00193,,-2.714442691
SRSF1,0,0.00193,,-2.714442691
PUF60,10641.46502,0.043872,4.027001422,-1.357812567
SUMF2,0,0.00193,,-2.714442691
TAF15,0,0.00193,,-2.714442691
NELFCD,0,0.00193,,-2.714442691
TSC22D1,0,0.00193,,-2.714442691
TSPAN7,0,0.00193,,-2.714442691
TUBB2B,0,0.00193,,-2.714442691
UQCRC2,7000.499115,0.199475,3.845129005,-0.700111526
VARS,10239.74154,0.248872,4.010288995,-0.604023962
VPS52,0,0.00193,,-2.714442691
WBP1,0,0.00193,,-2.714442691
ZCCHC17,0,0.00193,,-2.714442691
ZNF233,0,0.00193,,-2.714442691
HDAC5,4614.817819,0.185507,3.664154561,-0.731639698
PARK2,4044.549205,0.055846,3.606870123,-1.253007928
SPG20,0,0.000008,,-5.096910013
POLR2H,0,0,,
STAU1,20856.38031,7.452505,4.319238937,0.872302276
RXRA,0,0.000163,,-3.787812396
ESR1,2670.059945,0.000753,3.426521012,-3.123205024
AR,955.352745,0.007768,2.980163756,-2.109690783
ALS2,13263.02358,0.122579,4.122642542,-0.911583926
SIRT1,0,0.000008,,-5.096910013
SIRT3,6704.537891,0.009476,3.82636885,-2.023374948
PGAP1,18856.28066,13.933009,4.275456034,1.144044918
FANCI,0,0.000012,,-4.920818754
ITPR1,0,0.002938,,-2.531948209
ERLIN1,1329.594322,0,3.123719152,
CALM1,0,0.001087,,-2.963770456
MVB12A,0,0.000019,,-4.721246399
MVB12B,0,0.000019,,-4.721246399
EXOC1,0,0,,
RNF139,0,0.000016,,-4.795880017
HMGCR,0,0.000107,,-3.970616222
INSIG1,0,0.002938,,-2.531948209
TMUB1,0,0.000016,,-4.795880017
CLEC4G,0,0.000397,,-3.401209493
CALCOCO2,0,0.000226,,-3.645891561
MTPAP,35765.49613,15.524292,4.553464254,1.191011803
IRF2,0,0.000049,,-4.30980392
AZI2,0,0.00032,,-3.494850022
TBK1,0,0.00032,,-3.494850022
PSMA3,7900.264927,0.591425,3.897641655,-0.228100321
DNM2,0,0,,
MAPK8IP2,0,0.00151,,-2.821023053
MKNK1,1140.223087,0.00003,3.05698983,-4.522878745
RAC2,0,0.00151,,-2.821023053
NUDT3,0,0.00045,,-3.346787486
RPS6KA1,1566.885688,0.000742,3.195037314,-3.129596095
RPS27,0,0.000001,,-6
KCNE3,0,0.00003,,-4.522878745
TK1,2868.014358,0.023356,3.457581321,-1.631601533
CDKN1A,0,0,,
TNNT1,0,0.000001,,-6
SMN1,0,0.00003,,-4.522878745
PIN1,2397.69173,0.076638,3.379793345,-1.115555837
ANXA7,1140.223087,0.00003,3.05698983,-4.522878745
HMGCL,0,0.00045,,-3.346787486
UBE2L3,3727.348359,0.034959,3.571399984,-1.456440999
FOXO4,0,0,,
PCK1,516.171271,0.000051,2.712793829,-4.292429824
NEDD4,850.922439,0.029003,2.929889976,-1.537557077
AMPD2,43987.6362,14.295369,4.643330625,1.15519537
UBE2S,0,0,,
RAD21,3011.554338,0.060932,3.478790704,-1.215154567
CHEK2,0,0,,
ELAVL1,40404.30418,16.662633,4.606427632,1.221743629
WDR45B,54669.55748,3.903392,4.737745559,0.591442168
SPAST,33916.72098,5.672548,4.530413859,0.753778179
REEP1,12927.48503,0.701936,4.111514044,-0.153702483
UFD1L,0,0.000016,,-4.795880017
DERL1,0,0.000016,,-4.795880017
CD3D,0,0.000016,,-4.795880017
ARRB2,1525.347305,0.001977,3.183368739,-2.703993331
SLC1A4,7589.331767,6.465536,3.880203538,0.810604534
SIRT7,10792.30615,0.173388,4.033114257,-0.760980963
PSMA7,0,0.000001,,-6
PSMA5,0,0.000011,,-4.958607315
HNRNPA1,792.613571,0.020894,2.899061504,-1.67997841
SH3KBP1,2558.770062,0.000449,3.408031261,-3.347753659
SH3GL2,0,0.003828,,-2.417028071
TCF3,646.14974,0.009175,2.810333174,-2.037393927
ALG2,0,0.000019,,-4.721246399
HSPA4,11787.75629,0.001775,4.071431148,-2.750801643
DNAJB2,0,0,,
UBAP1,0,0,,
PARD3,0,0.000008,,-5.096910013
CREB1,482.557821,0.000032,2.683549359,-4.494850022
PML,15612.54846,0.045151,4.193473799,-1.345332627
PABPC1,0,0.003828,,-2.417028071
CBX4,800.979033,0.051845,2.903621148,-1.285293121
UBE2I,19567.05341,4.240999,4.29152543,0.62746817
SMAD3,0,0.012374,,-1.907489888
ISG15,1175.231986,0.000255,3.070123603,-3.59345982
SPP1,0,0.000004,,-5.397940009
FBXO25,1004.888232,0.00086,3.00211776,-3.065501549
IST1,10252.25275,0.682232,4.010819304,-0.166067914
NBR1,0,0.003634,,-2.439615077
PIAS1,5920.074546,0.007912,3.772327175,-2.101713721
SUMO1,5251.131829,0.067491,3.720252921,-1.170754137
SUMO2,0,0.000077,,-4.113509275
TERF1,0,0.013229,,-1.878472984
POT1,0,0.013229,,-1.878472984
AXIN1,0,0.000012,,-4.920818754
ITCH,6003.755905,0.000681,3.778423027,-3.166852888
CUL1,8544.969202,0.12697,3.931710502,-0.89629888
CUL3,44974.24654,2.136147,4.652963896,0.329631136
CHMP2A,3111.016268,0.218234,3.492902282,-0.661077587
CHMP2B,0,0.000004,,-5.397940009
PPP1CA,3106.55078,0.012578,3.492278457,-1.90038841
ASB9,0,0.000008,,-5.096910013
CUL4A,3491.514664,0.001224,3.54301387,-2.912218582
CUL5,991.988086,0.003099,2.996506456,-2.508778424
CUL2,1444.720567,0.000715,3.159783855,-3.145693958
CDK2,9474.379745,15.744094,3.976550788,1.197117674
COPS5,4045.197199,0.001112,3.606939698,-2.953895213
DCUN1D1,0,0.000307,,-3.512861625
CAND1,5778.623042,0.099574,3.761824365,-1.001854046
NEDD8,5565.175377,0.001055,3.745478855,-2.97674754
MED31,5081.622055,0.013231,3.706002361,-1.878407331
FEZ1,0,0.000048,,-4.318758763
GIT1,4928.299169,0.033497,3.692697064,-1.474994087
CHD3,0,0.000012,,-4.920818754
ECH1,3246.095359,0.002683,3.511361274,-2.571379327
PFN2,0,0.000012,,-4.920818754
PIAS4,0,0.000012,,-4.920818754
GPRASP2,2283.302454,0.001326,3.358563443,-2.877456476
UTP14A,0,0.000012,,-4.920818754
DNALI1,0,0.000012,,-4.920818754
ENY2,0,0.000077,,-4.113509275
SACS,24922.13365,21.239397,4.396585221,1.327142183
GRAP2,0,0.00245,,-2.610833916
GNB2,2939.847708,0.159969,3.468324833,-0.79596417
PPP1R12A,0,0.00207,,-2.684029655
GNB1,597.030266,0.00447,2.775996348,-2.349692477
MRPS16,0,0.00207,,-2.684029655
GLS,1035.194318,0.010808,3.01502188,-1.966254664
GOLGA1,0,0.00207,,-2.684029655
ABCA1,0,0.00207,,-2.684029655
HIF1A,0,0.000397,,-3.401209493
KLHL1,0,0.00193,,-2.714442691
IRAK2,0,0.000011,,-4.958607315
GNB5,0,0.000004,,-5.397940009
RGS7,0,0.000004,,-5.397940009
PDCL,0,0.000004,,-5.397940009
ATP6V0D1,0,0.000047,,-4.327902142
TCEANC,0,0.000047,,-4.327902142
GCFC2,0,0.000047,,-4.327902142
CCNK,0,0.000047,,-4.327902142
CDK6,0,0.000047,,-4.327902142
NUDT21,0,0.000047,,-4.327902142
CRK,0,0.000602,,-3.220403509
BEND2,0,0.000047,,-4.327902142
DAZAP2,0,0.000047,,-4.327902142
FAM46A,0,0.000602,,-3.220403509
FAM46B,0,0.000602,,-3.220403509
CPSF7,0,0.000047,,-4.327902142
ZC3H10,0,0.000602,,-3.220403509
METTL17,5083.316777,0.000329,3.706147174,-3.482804102
KLHL12,0,0.000047,,-4.327902142
BATF2,0,0.000047,,-4.327902142
C1orf94,0,0.000602,,-3.220403509
NUMBL,0,0.000047,,-4.327902142
SLC51A,0,0.000047,,-4.327902142
OTX2,0,0.000602,,-3.220403509
MED15,0,0.000047,,-4.327902142
RHOXF2,0,0.000047,,-4.327902142
PIM2,0,0.000047,,-4.327902142
POM121,11596.16331,0.028763,4.064314323,-1.541165819
RBFOX2,0,0.019965,,-1.699730685
RBPMS,21380.9685,0.102588,4.330027374,-0.988903437
CLASRP,0,0.009256,,-2.033576654
TBC1D5,0,0.000047,,-4.327902142
TCAP,0,0.000047,,-4.327902142
TRIM32,0,0.000047,,-4.327902142
ZBTB32,0,0.000047,,-4.327902142
U2AF2,5083.316777,0.000329,3.706147174,-3.482804102
ZCCHC13,0,0.000047,,-4.327902142
IDH3B,0,0.00002,,-4.698970004
NCOA4,1009.364729,0.001687,3.004048125,-2.772884917
ZNRD1,2568.79422,0.433887,3.409729315,-0.362623362
ARHGAP19,0,0,,
C16orf70,0,0,,
TEX11,0,0,,
TSC22D4,0,0.065553,,-1.183407428
FA2H,3875.873202,2.208775,3.588369561,0.344151478
RBFOX1,0,0.000666,,-3.176525771
ACACA,0,0.000047,,-4.327902142
ATP1A3,0,0.000047,,-4.327902142
PRRC2A,0,0.000047,,-4.327902142
VSTM2L,0,0.000047,,-4.327902142
ZNF804A,0,0.000047,,-4.327902142
CFL1,3850.782339,0.00205,3.585548971,-2.688246139
CIC,0,0.000602,,-3.220403509
CLEC4F,0,0.000047,,-4.327902142
FDPS,0,0.000047,,-4.327902142
GPATCH8,0,0.000047,,-4.327902142
KLF11,0,0.000047,,-4.327902142
HSFX1,0,0.000047,,-4.327902142
RCN1,3741.594861,0.053336,3.57305676,-1.272979558
YY1AP1,0,0.000047,,-4.327902142
ZNF488,0,0.000047,,-4.327902142
DMPK,0,0.000047,,-4.327902142
SYBU,0,0.000047,,-4.327902142
GMEB2,0,0.000047,,-4.327902142
IPO8,0,0.000047,,-4.327902142
PHPT1,0,0.000047,,-4.327902142
SIX5,0,0.000047,,-4.327902142
SREBF1,5428.236323,0.00075,3.734658747,-3.124938737
SGMS1,0,0.000047,,-4.327902142
TTC19,0,0.000047,,-4.327902142
APBB1,0,0.000047,,-4.327902142
FYN,0,0.000047,,-4.327902142
HPCAL1,0,0.000047,,-4.327902142
WNK1,0,0.000047,,-4.327902142
PRRC2B,0,0.000047,,-4.327902142
PPP6R2,0,0.000047,,-4.327902142
ZSWIM8,0,0.000047,,-4.327902142
R3HDM2,0,0.000047,,-4.327902142
NUTM2B,0,0.000047,,-4.327902142
MTERF4,0,0.000047,,-4.327902142
OAZ1,0,0.000047,,-4.327902142
PUM1,0,0.000047,,-4.327902142
RAPGEF4,0,0.000047,,-4.327902142
ARHGAP32,0,0.000047,,-4.327902142
SPEN,0,0.000047,,-4.327902142
RAD54L2,0,0.000047,,-4.327902142
UBE2E3,2343.498225,0.000441,3.369864629,-3.355561411
USP54,0,0.000047,,-4.327902142
WNK2,0,0.000047,,-4.327902142
ZNF276,0,0.000047,,-4.327902142
ZHX2,0,0.000047,,-4.327902142
ZHX3,0,0.000047,,-4.327902142
ANKHD1,0,0.000047,,-4.327902142
ARID5A,0,0.000602,,-3.220403509
TOX4,0,0.000047,,-4.327902142
CST3,0,0.000047,,-4.327902142
DNAJA3,0,0.000047,,-4.327902142
DZIP3,0,0.000602,,-3.220403509
EIF1AY,0,0.000047,,-4.327902142
EIF4ENIF1,0,0.000047,,-4.327902142
ENTPD6,0,0.000047,,-4.327902142
SUPT20H,0,0.000047,,-4.327902142
FHL2,6479.857531,0.002669,3.811565457,-2.573651426
QRICH1,0,0.000047,,-4.327902142
KIAA1549L,0,0.000047,,-4.327902142
GCA,0,0.000047,,-4.327902142
HSPA1A,7635.422685,0.012924,3.882833084,-1.888603051
ITGB4,0,0.000047,,-4.327902142
KCNAB2,0,0.000047,,-4.327902142
KIAA2026,0,0.000047,,-4.327902142
IL34,0,0.000047,,-4.327902142
KMT2B,0,0.000047,,-4.327902142
KAT6A,0,0.000047,,-4.327902142
CCDC136,0,0.000047,,-4.327902142
NLK,0,0.000047,,-4.327902142
NR4A1,7651.913926,0.005528,3.883770076,-2.257431966
PEPD,6479.857531,0.002669,3.811565457,-2.573651426
PRDM1,5083.316777,0.000329,3.706147174,-3.482804102
R3HDM1,0,0.000047,,-4.327902142
STAC2,0,0.000047,,-4.327902142
TOLLIP,0,0.000047,,-4.327902142
TRIP6,8905.851979,0.522728,3.949675473,-0.281724236
UBAP2L,0,0.000047,,-4.327902142
VSNL1,0,0.000047,,-4.327902142
ZYX,0,0.000047,,-4.327902142
CIRBP,0,0.000047,,-4.327902142
AHDC1,0,0.000047,,-4.327902142
ZC3H7B,0,0.000047,,-4.327902142
ZNF609,0,0.000047,,-4.327902142
ADCY6,0,0.000047,,-4.327902142
ACOT7,0,0.000047,,-4.327902142
DCTN3,0,0.000047,,-4.327902142
ELP5,0,0.000047,,-4.327902142
FAM21C,0,0.000047,,-4.327902142
FAT4,0,0.000047,,-4.327902142
FAM193B,0,0.000047,,-4.327902142
GSPT1,0,0.000047,,-4.327902142
KLHL8,0,0.000047,,-4.327902142
LDB1,0,0.000047,,-4.327902142
LOC401442,0,0.000047,,-4.327902142
MYO18A,0,0.000047,,-4.327902142
NARS,0,0.000047,,-4.327902142
PSMC3,1637.736081,0.012712,3.214243917,-1.895786116
SAR1A,0,0.000047,,-4.327902142
MSMO1,0,0.000047,,-4.327902142
SUGP2,0,0.000047,,-4.327902142
SMARCC2,0,0.000047,,-4.327902142
ST6GALNAC6,0,0.000047,,-4.327902142
UNK,55528.28296,3.01512,4.744514244,0.479304601
KIAA1279,5135.406752,0.00138,3.710574848,-2.860120914
TDRD7,0,0.00002,,-4.698970004
BAG6,0,0.00002,,-4.698970004
PICK1,5751.535995,0.61016,3.759783842,-0.214556267
GFI1B,0,0.00002,,-4.698970004
GRM1,0,0.000012,,-4.920818754
LRRK2,0,0.000008,,-5.096910013
CLU,0,0.000008,,-5.096910013
SPRTN,0,0,,
HSP90AB1,15448.54666,0.00555,4.188887629,-2.255707017
DNAJB1,0,0.000012,,-4.920818754
DNAJA1,2987.116781,0.000135,3.475252202,-3.869666232
HBS1L,0,0.000012,,-4.920818754
TUBA1A,3804.17531,0.000463,3.580260523,-3.334419009
TUBB,7953.134283,0.056619,3.900538315,-1.247037805
RABGEF1,0,0.001133,,-2.94577009
GRK5,0,0.000196,,-3.707743929
PNPLA6,38769.98677,2.476004,4.588495653,0.393751342
SNCA,1652.956398,0.686755,3.218261398,-0.16319817
SNCG,0,0.049337,,-1.306827262
FBXO6,19706.37957,1.520794,4.294606844,0.18207039
RFFL,0,0,,
PJA1,542.893611,0.000016,2.734714731,-4.795880017
TRIM63,3703.283705,0.230643,3.568586984,-0.637059722
TRIM55,542.893611,0.000016,2.734714731,-4.795880017
USP21,4549.756705,0.015,3.657988174,-1.823908741
USP15,0,0.000004,,-5.397940009
USP28,0,0.000004,,-5.397940009
TOP1,0,0,,
ARHGDIA,0,0,,
ASIC1,0,0,,
ATG5,4194.499613,0.001611,3.622680159,-2.79290446
SQSTM1,482.557821,0.005247,2.683549359,-2.280088936
MAP1LC3A,4051.092686,1.263923,3.60757218,0.101720617
PACRG,0,0.000004,,-5.397940009
ZFYVE27,37749.63187,0.492595,4.576912721,-0.307510001
C12orf65,2576.428287,2.612818,3.411018059,0.417109159
GBA2,20947.21284,8.902682,4.321126246,0.949520861
DDHD2,29186.94808,2.811529,4.465188686,0.448942567
MARS2,14236.19758,0.03091,4.153394007,-1.509900995
SERAC1,6652.211488,2.739759,3.822966048,0.437712362
OPA3,57273.2172,1.269597,4.757951579,0.103665888
ECSIT,0,0.000011,,-4.958607315
APOE,0,0.000011,,-4.958607315
CDC37,0,0.000011,,-4.958607315
RAB3A,1249.514643,0.005829,3.09674135,-2.234405945
PRAM1,0,0.000011,,-4.958607315
GCDH,291.82419,0.001616,2.465121289,-2.791558644
KANK2,0,0.000011,,-4.958607315
AP1M2,0,0.000011,,-4.958607315
CYP2C18,0,0.000011,,-4.958607315
CYP2C8,0,0.000011,,-4.958607315
FBXL12,3175.17011,0.005182,3.501766998,-2.285502591
NOS3,0,0.000011,,-4.958607315
PDCD4,0,0.000011,,-4.958607315
PRDX2,0,0.000011,,-4.958607315
RHEB,1939.36654,0.000813,3.287659898,-3.089909454
STAMBPL1,0,0.000011,,-4.958607315
RNF32,0,0.000011,,-4.958607315
EPB41L3,2834.081685,0.000415,3.452412363,-3.381951903
EFHD1,0,0.000011,,-4.958607315
RMDN3,0,0.000011,,-4.958607315
ST13,0,0.000011,,-4.958607315
ENSA,0,0.000011,,-4.958607315
UMPS,0,0.000011,,-4.958607315
OXCT1,2154.665721,0.000515,3.333379902,-3.288192771
FGF13,0,0.000011,,-4.958607315
HMGB1,0,0.000011,,-4.958607315
ITSN2,0,0.000011,,-4.958607315
SCN1A,0,0.000011,,-4.958607315
TUBA1B,0,0.000011,,-4.958607315
KARS,0,0,,
AIMP2,0,0,,
IARS,1380.821241,0.025109,3.140137459,-1.600170583
QARS,0,0,,
EPRS,0,0,,
DARS,0,0,,
LARS,0,0,,
EEF1E1,0,0,,
HSPA5,10256.52113,0.142866,4.011000079,-0.845071115
HSPA9,3008.63387,0.001206,3.47836934,-2.918652692
POLR2E,0,0,,
POLR3B,0,0.000398,,-3.400116928
HNRNPA2B1,0,0.000008,,-5.096910013
ITGB1,0,0.000008,,-5.096910013
CCT6B,0,0.000015,,-4.823908741
DDX17,6158.389019,0.212498,3.789467119,-0.672645153
POLR1C,0,0,,
CRCP,0,0.000398,,-3.400116928
POLR1D,0,0.000398,,-3.400116928
POLR3C,0,0.000398,,-3.400116928
POLR1A,0,0.000398,,-3.400116928
EEF1B2,0,0.000008,,-5.096910013
KIF11,0,0.00003,,-4.522878745
SMARCA5,0,0.000398,,-3.400116928
MTHFD1,0,0.002512,,-2.599980365
ILF2,0,0.002512,,-2.599980365
HEXIM1,0,0.000008,,-5.096910013
SLC25A46,41350.19024,16.614054,4.616477512,1.220475618
SCFD1,0,0.029371,,-1.532081267
FLOT1,0,0.000016,,-4.795880017
HMGCS1,0,0.000198,,-3.70333481
DHX40,0,0.000198,,-3.70333481
EEF2,6526.673904,0.003551,3.814691914,-2.449649328
Sep-09,0,0.000008,,-5.096910013
CXorf56,0,0.000008,,-5.096910013
TARS,0,0.000004,,-5.397940009
NONO,0,0.002512,,-2.599980365
KRT7,0,0.000016,,-4.795880017
PSMA6,0,0.000004,,-5.397940009
MCCC2,0,0.000008,,-5.096910013
DSP,0,0.00004,,-4.397940009
ACAT1,0,0.000001,,-6
SCARB2,0,0.000008,,-5.096910013
RAB2A,1837.29225,0.003119,3.264178243,-2.505984625
SAP30BP,0,0.000008,,-5.096910013
DHX9,2508.466985,0.002971,3.399408389,-2.527097348
DTNA,0,0.000011,,-4.958607315
UBE2G1,0,0.000004,,-5.397940009
UBR4,0,0.000008,,-5.096910013
UPP1,0,0.000634,,-3.197910742
NDUFS8,1604.117622,0.010573,3.20523621,-1.975801768
HNRNPR,4118.360977,0.002503,3.61472441,-2.60153915
FTL,3379.135546,0.000131,3.528805613,-3.882728704
DDX1,0,0.002512,,-2.599980365
NCAPD2,0,0.000008,,-5.096910013
ILF3,0,0.002512,,-2.599980365
PTPN2,0,0.000008,,-5.096910013
COLGALT1,0,0.000008,,-5.096910013
RAB5B,0,0.000008,,-5.096910013
TYMS,0,0.000634,,-3.197910742
SSR1,0,0.000004,,-5.397940009
FARSB,0,0.000004,,-5.397940009
KLC4,0,0,,
FLOT2,1684.858178,0.001356,3.22656335,-2.86774031
SFXN2,0,0.000285,,-3.54515514
GPKOW,0,0.00002,,-4.698970004
HNRNPUL2,0,0.000016,,-4.795880017
GID8,0,0.000008,,-5.096910013
SLU7,0,0.000004,,-5.397940009
VPS18,7163.455032,0.31409,3.855122539,-0.50294589
HNRNPM,769.461441,0.000855,2.886186861,-3.068033885
TXNL1,0,0.000004,,-5.397940009
LAMTOR1,0,0.029371,,-1.532081267
TIMM13,0,0.002512,,-2.599980365
ERAL1,0,0.029371,,-1.532081267
SRSF2,0,0.000004,,-5.397940009
STRN4,5574.225553,0.182363,3.746184538,-0.739063272
Mar-01,0,0.029371,,-1.532081267
TXNDC17,0,0.000634,,-3.197910742
PPA1,0,0.000008,,-5.096910013
SRSF3,0,0.000285,,-3.54515514
PDCD6,0,0.000016,,-4.795880017
VPS4B,0,0.000004,,-5.397940009
MCU,0,0.000016,,-4.795880017
PLOD3,0,0.000008,,-5.096910013
SLC25A3,1693.419596,0.005547,3.228764581,-2.255941834
SARNP,4849.533978,0.002435,3.685700007,-2.613501034
APH1B,0,0.000011,,-4.958607315
TAF4,0,0.000012,,-4.920818754
ECT2,0,0.000397,,-3.401209493
MDC1,1273.502816,0.000083,3.10499991,-4.080921908
PAXIP1,0,0.000003,,-5.522878745
KLHL15,0,0,,
HSP90B1,8016.269942,0.078476,3.903972333,-1.105263141
MAPK8,0,0.000001,,-6
SRC,0,0.000004,,-5.397940009
CA9,0,0.00207,,-2.684029655
ERBB4,0,0.000004,,-5.397940009
SMURF1,1595.814403,0.000023,3.20298238,-4.638272164
CLN8,2115.645323,1.233804,3.325442862,0.091246174
ZNF451,0,0.000012,,-4.920818754
HOXC4,0,0.000012,,-4.920818754
EVL,0,0.000012,,-4.920818754
UBAC1,0,0.000012,,-4.920818754
HMG20A,3379.135546,0.000131,3.528805613,-3.882728704
ERCC6L,0,0.000012,,-4.920818754
TTC23,0,0.000012,,-4.920818754
RNF20,0,0.000012,,-4.920818754
HEY2,2343.498225,0.000441,3.369864629,-3.355561411
ZNF655,0,0.000012,,-4.920818754
PIK3R1,0,0.000012,,-4.920818754
ZFYVE19,0,0.000012,,-4.920818754
GOLPH3L,6254.905389,0.010922,3.796220745,-1.961697828
MAGEB18,2343.498225,0.000441,3.369864629,-3.355561411
MRFAP1,0,0.000012,,-4.920818754
ZMAT2,0,0.000012,,-4.920818754
DUSP10,0,0.000012,,-4.920818754
MRFAP1L1,0,0.000012,,-4.920818754
ING5,0,0.000012,,-4.920818754
IFT20,0,0.000012,,-4.920818754
HEYL,2343.498225,0.000441,3.369864629,-3.355561411
TACC1,0,0.000012,,-4.920818754
MBD4,0,0.000012,,-4.920818754
DPPA4,0,0.000012,,-4.920818754
ETV4,2343.498225,0.000441,3.369864629,-3.355561411
MAGEB6,2343.498225,0.000441,3.369864629,-3.355561411
MED21,0,0.000012,,-4.920818754
HIST1H3H,0,0.000012,,-4.920818754
PEX11B,0,0.000012,,-4.920818754
MBD1,0,0.000012,,-4.920818754
TRAFD1,0,0.000012,,-4.920818754
HOXC11,0,0.000012,,-4.920818754
OSTF1,0,0.000012,,-4.920818754
NUPL1,0,0.000012,,-4.920818754
XAGE3,0,0.000012,,-4.920818754
TRIM38,0,0.000047,,-4.327902142
SV2A,0,0.000047,,-4.327902142
SLC6A13,0,0.000047,,-4.327902142
HNRNPLL,0,0.000047,,-4.327902142
ZXDC,0,0.000047,,-4.327902142
LASP1,0,0.000047,,-4.327902142
TP53I11,0,0.000047,,-4.327902142
CREM,0,0.000047,,-4.327902142
LITAF,0,0.000047,,-4.327902142
CHRNA7,0,0.000047,,-4.327902142
SEMA4G,0,0.000047,,-4.327902142
ZSCAN1,0,0.000047,,-4.327902142
TSC1,0,0.000047,,-4.327902142
KCTD15,0,0.000047,,-4.327902142
TCTA,0,0.000047,,-4.327902142
CDIP1,0,0.000047,,-4.327902142
EIF1B,0,0.000047,,-4.327902142
DOCK5,1637.736081,0.001134,3.214243917,-2.945386945
ESRRA,0,0.000047,,-4.327902142
RAI2,0,0.000047,,-4.327902142
C2orf27B,0,0.000047,,-4.327902142
TDP2,3850.782339,0.00205,3.585548971,-2.688246139
CLCN2,0,0.000047,,-4.327902142
FAR1,0,0.000047,,-4.327902142
FUBP3,0,0.000047,,-4.327902142
CRY2,29323.87792,0.369735,4.467221403,-0.432109436
DHRSX,0,0.000047,,-4.327902142
PSPH,0,0.000047,,-4.327902142
SLC25A51,0,0.000047,,-4.327902142
MSX2,0,0.000047,,-4.327902142
TMX2,0,0.000047,,-4.327902142
SLC4A2,0,0.000047,,-4.327902142
QKI,0,0.000047,,-4.327902142
MLST8,0,0.000047,,-4.327902142
PPAT,0,0.000047,,-4.327902142
CRIP2,0,0.000047,,-4.327902142
FOSL1,0,0.000047,,-4.327902142
YWHAE,17076.79307,0.264289,4.232406316,-0.577920912
UHRF2,0,0.000047,,-4.327902142
RBM26,0,0.000047,,-4.327902142
NCAM1,1359.928868,0.013402,3.133516193,-1.872830386
LOXL1,0,0.000047,,-4.327902142
BASP1,7088.792437,0.00072,3.85057226,-3.142667504
PLEKHB1,0,0.000047,,-4.327902142
KIF22,0,0.000047,,-4.327902142
BAALC,0,0.000047,,-4.327902142
NPHP3,0,0.000047,,-4.327902142
GATAD1,0,0.000047,,-4.327902142
UHRF1BP1L,0,0.000047,,-4.327902142
SF1,0,0.000047,,-4.327902142
IGF2R,0,0.000047,,-4.327902142
RAPGEF1,0,0.000047,,-4.327902142
LPAR2,0,0.000047,,-4.327902142
ADD3,0,0.000047,,-4.327902142
TOMM20,0,0.000047,,-4.327902142
MAGEB2,0,0.000047,,-4.327902142
WBSCR16,0,0.000047,,-4.327902142
ASNS,0,0.000047,,-4.327902142
HIST1H3A,0,0.000047,,-4.327902142
DIXDC1,0,0.000047,,-4.327902142
OPCML,0,0.000047,,-4.327902142
ATF5,0,0.000047,,-4.327902142
CAMK2B,0,0.000047,,-4.327902142
ILVBL,5060.634649,0.006591,3.704204985,-2.181048688
EHMT1,0,0.000047,,-4.327902142
DHX37,0,0.000047,,-4.327902142
UPF1,0,0.000156,,-3.806875402
SNRPN,0,0.000156,,-3.806875402
SNRPB,0,0.000156,,-3.806875402
BTK,0,0.00151,,-2.821023053
ALB,5510.310799,19.466741,3.741176095,1.289293251
GJC2,0,0.245461,,-0.610017501
RAF1,1384.004118,0.000033,3.141137382,-4.48148606
VCAM1,7216.513639,0.046225,3.858327437,-1.33512308
TP63,0,0.065553,,-1.183407428
C1QBP,2906.731771,0.002183,3.463404958,-2.660946264
ATF2,516.171271,0.000051,2.712793829,-4.292429824
PEX14,393.361747,0.000347,2.594792124,-3.459670525
GSK3A,0,0.000198,,-3.70333481
NOS2,516.171271,0.000051,2.712793829,-4.292429824
ERBB2,474.650213,1.989131,2.67637368,0.298663386
SMAD9,0,0.000992,,-3.003488328
SMAD2,0,0.000992,,-3.003488328
SMAD1,0,0.012374,,-1.907489888
TRAF3,0,0.000307,,-3.512861625
CAMKMT,0,0.000162,,-3.790484985
FAM86B2,393.361747,0.000347,2.594792124,-3.459670525
METTL20,828.263098,0.035241,2.918168312,-1.452951777
METTL21B,1737.796116,0.000698,3.239998822,-3.156144577
METTL22,0,0.000162,,-3.790484985
METTL23,0,0.000162,,-3.790484985
UBL4A,2985.029381,0.001294,3.47494861,-2.888065724
ITGA4,7216.513639,0.046225,3.858327437,-1.33512308
CFTR,7847.224855,0.034725,3.894716097,-1.459357746
MMS19,0,0.000016,,-4.795880017
PRMT5,0,0.000397,,-3.401209493
SH3BGR,0,0.000397,,-3.401209493
TINAGL1,0,0.000397,,-3.401209493
CREG1,0,0.000397,,-3.401209493
ECHS1,0,0.015302,,-1.815251802
NDUFB7,0,0.000397,,-3.401209493
SLIT3,0,0.000397,,-3.401209493
GPT,0,0.000397,,-3.401209493
CTSC,0,0.000397,,-3.401209493
AES,0,0.000397,,-3.401209493
NFE2L1,0,0.000397,,-3.401209493
ACTC1,0,0.000397,,-3.401209493
MYBPC3,0,0.000397,,-3.401209493
DES,0,0.000397,,-3.401209493
COL1A1,0,0.000397,,-3.401209493
VIM,0,0.015302,,-1.815251802
PTPN23,0,0.000004,,-5.397940009
PAN2,2868.069881,0.000184,3.457589729,-3.735182177
PLG,0,0.000008,,-5.096910013
CD81,0,0.000162,,-3.790484985
IGSF8,0,0.000162,,-3.790484985
SOX2,0,0.000992,,-3.003488328
LYN,0,0.000162,,-3.790484985
RAD52,0,0.000008,,-5.096910013
SPTAN1,0,0.000397,,-3.401209493
LMNA,24088.64653,16.526309,4.381812399,1.218175869
HDAC6,5606.081417,0.00469,3.748659401,-2.328827157
HDAC9,0,0.000156,,-3.806875402
HDAC11,0,0.000016,,-4.795880017
FBXW4,0,0.000099,,-4.004364805
TERT,0,0.000004,,-5.397940009
UBE3A,0,0.065553,,-1.183407428
ABL1,0,0.000008,,-5.096910013
ADRB2,2521.80393,0.015335,3.401711317,-1.81431622
TRIM25,105069.6185,50.211718,5.021477155,1.700805081
BAG3,6243.943122,0.002244,3.795458938,-2.648977147
ATP4A,0,0,,
ADRA1D,0,0.000016,,-4.795880017
NRP1,0,0.001133,,-2.94577009
STAT3,0,0.000397,,-3.401209493
TGM2,0,0.000156,,-3.806875402
CLEC7A,0,0.000008,,-5.096910013
CASK,0,0.000001,,-6
SPATS1,0,0.000285,,-3.54515514
LAMC3,0,0.000005,,-5.301029996
TEAD3,0,0.00003,,-4.522878745
DDX52,0,0.000148,,-3.829738285
ZBTB22,0,0.000148,,-3.829738285
AFP,0,0.00003,,-4.522878745
STAT5B,0,0.000307,,-3.512861625
MYOT,0,0.000307,,-3.512861625
STAMBP,0,0.000285,,-3.54515514
GTF2I,0,0.00003,,-4.522878745
CHTF8,0,0.000148,,-3.829738285
PTGES2,0,0.000012,,-4.920818754
MIPEP,0,0.000012,,-4.920818754
PSMB7,0,0.000012,,-4.920818754
NME4,0,0.000012,,-4.920818754
RPL4,3989.614172,0.001203,3.600930898,-2.919734373
ZFC3H1,2678.925011,0.000956,3.427960557,-3.019542108
UPF3A,0,0.000012,,-4.920818754
CCDC126,0,0.000012,,-4.920818754
HMGA1,5081.622055,0.013231,3.706002361,-1.878407331
FAM71F1,0,0.000012,,-4.920818754
FBXL7,0,0.000003,,-5.522878745
HNRNPD,0,0.000397,,-3.401209493
HIPK4,0,0.00151,,-2.821023053
TARDBP,1949.565221,0.011271,3.289937769,-1.94803755
LATS2,0,0.002512,,-2.599980365
PPP6R3,0,0.000016,,-4.795880017
STK3,3412.218292,0.003024,3.533036807,-2.519418213
HECW2,0,0.011726,,-1.93085011
KDM1A,195.936598,0.006972,2.292115563,-2.156642622
PRMT6,0,0.000931,,-3.031050319
EIF2S1,0,0.000008,,-5.096910013
EIF2S3,0,0.000001,,-6
EIF4G1,0,0.000001,,-6
CCAR2,1279.451944,0.00005,3.107023979,-4.301029996
PTBP1,0,0.000001,,-6
RPL13,0,0.000008,,-5.096910013
RPL15,0,0.000001,,-6
RPL21,0,0.000001,,-6
RPL23A,0,0.000001,,-6
RPL27A,0,0.000008,,-5.096910013
RPL36,0,0.000001,,-6
RPL7A,0,0.000001,,-6
RPLP0,0,0.000008,,-5.096910013
INPPL1,0,0.013229,,-1.878472984
SMEK1,0,0.013229,,-1.878472984
ASS1,0,0.000397,,-3.401209493
ATP6V1A,3008.63387,0.001206,3.47836934,-2.918652692
SERPINH1,0,0.00207,,-2.684029655
BZW2,0,0.000397,,-3.401209493
BCCIP,0,0.000397,,-3.401209493
CNDP2,0,0.000397,,-3.401209493
EIF4E,3008.63387,0.001206,3.47836934,-2.918652692
EIF6,0,0.000397,,-3.401209493
G6PD,0,0.000397,,-3.401209493
GNS,0,0.000397,,-3.401209493
LDHAL6B,0,0.000397,,-3.401209493
PFAS,0,0.000397,,-3.401209493
SLC9A3R1,0,0.000397,,-3.401209493
SMEK2,0,0.000397,,-3.401209493
CASP7,0,0.000397,,-3.401209493
GINS2,0,0.000397,,-3.401209493
GINS3,0,0.000397,,-3.401209493
GLA,0,0.000397,,-3.401209493
GNPDA1,0,0.001087,,-2.963770456
HERC4,0,0.001087,,-2.963770456
C12orf10,3974.86856,0.005565,3.599322772,-2.254534831
DDX39B,0,0.000008,,-5.096910013
EIF5A,0,0.000008,,-5.096910013
GDA,0,0.000008,,-5.096910013
GSR,0,0.000008,,-5.096910013
MAPK14,0,0.000008,,-5.096910013
NAGK,0,0.000008,,-5.096910013
PTMS,0,0.000008,,-5.096910013
RAB1B,0,0.000008,,-5.096910013
SMS,0,0.000008,,-5.096910013
THOP1,0,0.000008,,-5.096910013
RCN2,0,0.000012,,-4.920818754
IQGAP1,0,0.000001,,-6
MVD,0,0.000397,,-3.401209493
ADSL,0,0.001087,,-2.963770456
API5,0,0.001087,,-2.963770456
BTF3L4,0,0.001087,,-2.963770456
SZRD1,0,0.001087,,-2.963770456
DRG2,0,0.001087,,-2.963770456
EHD4,0,0.001087,,-2.963770456
PDIA3,0,0.000008,,-5.096910013
POLD3,0,0.000004,,-5.397940009
PPP4R2,0,0.013229,,-1.878472984
RAP1GDS1,0,0.000397,,-3.401209493
RPL17,0,0.000001,,-6
STAT6,0,0.000004,,-5.397940009
PALM2-AKAP2,0,0.000307,,-3.512861625
BABAM1,0,0.000307,,-3.512861625
BRE,0,0.000307,,-3.512861625
EHBP1L1,0,0.000307,,-3.512861625
USP5,0,0.001087,,-2.963770456
TSEN2,0,0.000004,,-5.397940009
WARS,0,0.001087,,-2.963770456
HOTAIR,0,0.000047,,-4.327902142
SHFM1,0,0.00002,,-4.698970004
RPA1,0,0.000156,,-3.806875402
RPA2,0,0.000156,,-3.806875402
RPA3,0,0.000156,,-3.806875402
WWOX,0,0.00002,,-4.698970004
ETFA,0,0.000011,,-4.958607315
ERG,792.613571,0.000612,2.899061504,-3.213248578
ASB2,0,0.001087,,-2.963770456
ASB4,828.263098,0.000419,2.918168312,-3.377785977
ASB13,0,0.000054,,-4.26760624
ASB18,0,0.000307,,-3.512861625
PTEN,1564.575691,0.13838,3.194396578,-0.858926674
LGR4,1596.607623,0.001893,3.203198198,-2.722849386
DDX6,0,0.003828,,-2.417028071
STAU2,0,0.000156,,-3.806875402
MGRN1,482.557821,0.000032,2.683549359,-4.494850022
LRIG1,0,0.000004,,-5.397940009
VAMP8,0,0.000004,,-5.397940009
RNF4,0,0.000047,,-4.327902142
USP14,0,0.000012,,-4.920818754
RANBP9,2487,0.002914,3.395675785,-2.535510453
GRSF1,0,0.00032,,-3.494850022
ENTPD1,0,0.000162,,-3.790484985
MID1,0,0.000012,,-4.920818754
RPS6KB1,0,0.000012,,-4.920818754
SCAP,0,0.000107,,-3.970616222
DNAJA4,0,0.000162,,-3.790484985
IRS4,0,0.000162,,-3.790484985
ADAMTSL4,0,0.000163,,-3.787812396
MID2,634.897511,0.005706,2.802703625,-2.243668233
MKRN3,0,0.000163,,-3.787812396
MTUS2,3830.00773,0.055734,3.58319965,-1.253879787
NOTCH2NL,5312.431007,0.004226,3.725293303,-2.374070507
RFX6,0,0.000163,,-3.787812396
RGS20,1540.937154,0.000544,3.187784927,-3.2644011
SPRY2,0,0.000163,,-3.787812396
TENC1,0,0.000163,,-3.787812396
TRAF1,3148.74039,1.231925,3.498136855,0.090584269
AURKA,0,0.000008,,-5.096910013
AURKB,1444.720567,0.000715,3.159783855,-3.145693958
CDC20,516.171271,0.00742,2.712793829,-2.129596095
CEP250,0,0.000162,,-3.790484985
LGALS3BP,516.171271,0.000051,2.712793829,-4.292429824
NEDD1,899.858121,0.005316,2.95417404,-2.274415028
TUBG1,3351.833243,0.011556,3.525282404,-1.937192467
TUBGCP2,0,0.000162,,-3.790484985
TUBGCP3,0,0.000008,,-5.096910013
EMD,0,0.000196,,-3.707743929
TRIM68,0,0.000307,,-3.512861625
TGFBR1,0,0.000011,,-4.958607315
HUWE1,9903.760431,0.017769,3.995800126,-1.750337013
FUS,516.171271,0.000051,2.712793829,-4.292429824
PLA2G2A,0,0.000004,,-5.397940009
SRPRB,0,0.000016,,-4.795880017
CASP8,0,0.000016,,-4.795880017
CCDC47,0,0.000016,,-4.795880017
ATP2A2,2024.926365,0.039109,3.306409235,-1.407723289
SEC61B,0,0.000016,,-4.795880017
CSE1L,0,0.000016,,-4.795880017
RHOT1,0,0.000016,,-4.795880017
TIMM50,0,0.000016,,-4.795880017
ALAS1,0,0.003506,,-2.455188088
ZFYVE26,26363.62837,8.749214,4.421005181,0.941969039
CCNDBP1,4195.248785,0.121645,3.62275772,-0.914905737
ANXA11,0,0.000307,,-3.512861625
ATP5O,3369.130179,0.232086,3.527517792,-0.634351056
CRYAA,0,0.000198,,-3.70333481
CSTF2,0,0.000307,,-3.512861625
FHL3,0,0.029371,,-1.532081267
AGTRAP,2855.758551,0.111162,3.455721486,-0.954043648
CMTM5,2855.758551,0.098125,3.455721486,-1.00822033
HNRNPC,0,0.003506,,-2.455188088
HNRNPF,0,0.000307,,-3.512861625
HNRNPK,0,0.000285,,-3.54515514
KRTAP5-9,3104.450387,0.000715,3.491984724,-3.145693958
TMCC2,0,0.000008,,-5.096910013
LZTS2,5671.668945,0.119474,3.753710873,-0.922726596
KRT40,11144.85189,0.005471,4.047074301,-2.261933285
SAMD3,0,0.000008,,-5.096910013
KRTAP10-8,0,0.000008,,-5.096910013
KRTAP10-3,9504.494736,0.003778,3.977929034,-2.422738046
KRT15,1451.861114,0.034752,3.161925073,-1.459020196
PBX3,0,0.00045,,-3.346787486
ZBTB14,0,0.000015,,-4.823908741
APPBP2,793.883513,0.016404,2.899756783,-1.785050239
ATRIP,0,0.000015,,-4.823908741
PTPRN,1145.71376,0.312552,3.059076129,-0.505077718
REL,0,0.000047,,-4.327902142
S100B,0,0.000198,,-3.70333481
TBX15,0,0.000047,,-4.327902142
ESRP1,0,0.000666,,-3.176525771
PRR20A,0,0.000047,,-4.327902142
SDCBP,1382.898733,0.153263,3.140790379,-0.814562678
SHMT2,1039.940435,0.03545,3.017008465,-1.45038376
PSTPIP1,0,0.000285,,-3.54515514
KHDRBS2,7558.593425,0.445171,3.878440985,-0.351473135
KRTAP10-7,414.558376,0.002116,2.617585694,-2.674484337
KRTAP10-9,414.558376,0.002116,2.617585694,-2.674484337
SNAP29,0,0,,
CCDC155,0,0,,
TCF4,2616.497685,0.020337,3.417720355,-1.691713111
TCF12,0,0.000198,,-3.70333481
TDO2,0,0.003506,,-2.455188088
TFAM,0,0.00045,,-3.346787486
TSNAX,0,0.000001,,-6
SNX4,0,0.00045,,-3.346787486
SNX3,1686.018588,0.016827,3.226862358,-1.773993305
SUCLA2,0,0.00045,,-3.346787486
USP47,0,0.000148,,-3.829738285
RAB33A,0,0.00045,,-3.346787486
COL4A3BP,0,0.00045,,-3.346787486
SEC24A,0,0.000307,,-3.512861625
ARHGEF16,0,0.000307,,-3.512861625
VPS37C,0,0.000307,,-3.512861625
CEP55,0,0.000307,,-3.512861625
BOLL,0,0.000307,,-3.512861625
MAPK1IP1L,0,0.000307,,-3.512861625
RIPPLY2,0,0.000307,,-3.512861625
PEF1,0,0.000307,,-3.512861625
ZNF576,0,0.000186,,-3.730487056
IKZF3,0,0.000198,,-3.70333481
MOB1B,0,0.001087,,-2.963770456
MOB3C,0,0.001087,,-2.963770456
GORASP2,0,0.00045,,-3.346787486
WIPI2,0,0.00045,,-3.346787486
SNX10,0,0.00045,,-3.346787486
SNX15,1179.168813,0.16322,3.071575984,-0.787226626
SNX11,0,0.00045,,-3.346787486
SNX12,0,0.00045,,-3.346787486
MTERF3,0,0.00045,,-3.346787486
PAM16,0,0.00045,,-3.346787486
DIABLO,0,0.00045,,-3.346787486
SENP2,0,0.00045,,-3.346787486
NAPB,0,0.00045,,-3.346787486
GOLPH3,3531.869563,0.003615,3.548004656,-2.441891698
NDRG4,0,0.00045,,-3.346787486
ZFYVE21,0,0.00045,,-3.346787486
ACSF2,3974.86856,0.080929,3.599322772,-1.091895826
FAM134C,0,0.00045,,-3.346787486
ZNF391,0,0.00045,,-3.346787486
TFIP11,0,0.003506,,-2.455188088
CEP44,0,0.003506,,-2.455188088
USHBP1,0,0.003506,,-2.455188088
PNMA5,0,0.003506,,-2.455188088
NSG1,0,0.000044,,-4.356547324
PLEKHF2,0,0.000044,,-4.356547324
SMLR1,0,0.000044,,-4.356547324
SERTAD3,0,0,,
SPG11,9942,11.576118,3.997473759,1.063562945
CCDC102B,0,0.000198,,-3.70333481
CCDC33,0,0.000198,,-3.70333481
EFHC2,0,0.000198,,-3.70333481
ATPAF2,0,0,,
FAM114A1,0,0.000198,,-3.70333481
REEP6,1049.172831,0.018454,3.020847036,-1.733909484
DTX2,0,0,,
TRIM9,0,0.000198,,-3.70333481
DTX3L,0,0.000198,,-3.70333481
SPRED2,0,0.000198,,-3.70333481
INCA1,0,0.000198,,-3.70333481
FUNDC1,0,0.029371,,-1.532081267
ARSI,2724.113613,0.001523,3.435225216,-2.817300097
TRIM42,0,0.000019,,-4.721246399
ZFP36,0,0.000992,,-3.003488328
MOV10,12498.44671,0.789748,4.096856043,-0.102511465
NXF1,16414.92911,0.30665,4.215239012,-0.513357031
TNFAIP1,0,0.000162,,-3.790484985
SCNN1A,0,0.000004,,-5.397940009
SCNN1B,0,0.000004,,-5.397940009
SCNN1G,0,0.000004,,-5.397940009
CUL7,7780.064366,0.247071,3.89098319,-0.607178227
OBSL1,1875.457692,0.001192,3.273107271,-2.923723745
CCDC8,7272.253843,4.402629,3.86166903,0.64371209
NMT1,783.840029,0.000866,2.894227438,-3.062482108
EZH2,0,0.000156,,-3.806875402
SUZ12,598.470417,0.014285,2.777042688,-1.845119755
EED,792.613571,0.000612,2.899061504,-3.213248578
RNF2,2933.500942,0.080153,3.467386232,-1.096080218
BMI1,349.960845,0.00104,2.544019456,-2.982966661
TMEM259,0,0.000016,,-4.795880017
DUSP3,1165.39506,0.00402,3.066473173,-2.395773947
UBAC2,0,0.000016,,-4.795880017
FAF2,15042.79106,1.09222,4.177328423,0.038310125
TUBA8,0,0.000016,,-4.795880017
SIRT6,0,0.000004,,-5.397940009
INSR,0,0.00003,,-4.522878745
GSAP,0,0.000011,,-4.958607315
IRAK1,0,0.000004,,-5.397940009
CCNYL1,0,0,,
PKM,0,0.000015,,-4.823908741
SGK2,0,0.000004,,-5.397940009
TSSK6,0,0.000004,,-5.397940009
TYK2,0,0.000004,,-5.397940009
MAP3K1,0,0,,
WDR76,4764.035396,0.111306,3.67797498,-0.953481424
ABCE1,0,0.00207,,-2.684029655
HSPBP1,0,0.009344,,-2.02946717
LRRC28,0,0.000039,,-4.408935393
POC1A,872.421132,0.198929,2.940726177,-0.701301901
UROD,0,0.000634,,-3.197910742
RIC3,0,0.000107,,-3.970616222
AK4,0,0.000634,,-3.197910742
SUV39H2,0,0.034546,,-1.461602231
LGALS3,0,0.015302,,-1.815251802
SLC25A41,0,0.000039,,-4.408935393
KLK8,0,0.156321,,-0.805982675
MAF1,0,0.000398,,-3.400116928
CTDSP1,0,0,,
HLA-DPA1,146.160681,0.017378,2.164830558,-1.760000207
GAS2L1,0,0,,
TAZ,0,0.000039,,-4.408935393
TRAK2,0,0,,
COMTD1,0,0.000001,,-6
ITM2B,268.142361,0.705069,2.428365429,-0.15176838
B4GALNT1,9914.80767,6.798813,3.996284294,0.832433096
TSPAN5,0,0.004325,,-2.364013888
CELA2B,0,0.000179,,-3.747146969
FBXO17,0,0.000039,,-4.408935393
ICAM2,2048.280785,0.138331,3.311389491,-0.859080484
ATP1B3,0,0,,
NUFIP1,0,0.021369,,-1.670215801
JPH1,0,0,,
MCRS1,0,0,,
TNKS,0,0,,
DGUOK,0,0.020722,,-1.683568331
DNAAF2,505.990265,0.077707,2.704142161,-1.109539857
AP5M1,0,0,,
AEBP2,0,0.000001,,-6
KLK5,0,0.000162,,-3.790484985
C14orf105,0,0.000189,,-3.723538196
PIH1D1,0,0.000398,,-3.400116928
SPACA1,0,0.00032,,-3.494850022
CEACAM21,0,0.009527,,-2.021043835
CEP170,0,0,,
BLVRA,0,0,,
NRG1,960.293785,0.015797,2.982404118,-1.801425382
IL20RB,0,0.000044,,-4.356547324
TEX264,0,0.000196,,-3.707743929
FCGR2B,0,0.000067,,-4.173925197
FGL1,0,0.000179,,-3.747146969
GPR55,0,0.000285,,-3.54515514
MCOLN3,691.920519,0.02722,2.84005621,-1.565111879
BCAT1,0,0.000179,,-3.747146969
DCAF5,516.171271,0.000311,2.712793829,-3.507239611
PMF1,0,0.000634,,-3.197910742
SPA17,0,0.000634,,-3.197910742
TEX29,0,0,,
SLC16A2,6,0,0.77815125,
SYNE4,0,0,,
MRPL4,0,0.000464,,-3.333482019
OXNAD1,0,0.000039,,-4.408935393
SIRT4,0,0.000039,,-4.408935393
PEX7,0,0.000015,,-4.823908741
PPP1CC,0,0.000398,,-3.400116928
SEC13,0,0.006591,,-2.181048688
TSPAN17,1422.9574,0.046936,3.153191899,-1.328493925
CGRRF1,0,0.009527,,-2.021043835
ANTXR1,0,0.000162,,-3.790484985
FAS,0,0.008586,,-2.066209116
PTH1R,0,0,,
DND1,0,0.000001,,-6
QTRT1,0,0.000039,,-4.408935393
TXNDC15,0,0.000713,,-3.14691047
GABRE,0,0.004325,,-2.364013888
HLA-B,0,0.000048,,-4.318758763
B3GNT3,0,0.002,,-2.698970004
NT5E,0,0,,
SDF4,435.658302,1.40212,2.639145994,0.146785184
SLC39A4,0,0,,
USP38,0,0.013121,,-1.882033065
TMEM25,0,0.004325,,-2.364013888
DTNBP1,0,0,,
ATP1B4,1052.117568,0.115719,3.022064272,-0.936595328
SKAP1,7394.410021,0.009153,3.868903529,-2.038436538
VSX2,0,0.000003,,-5.522878745
SEC23IP,0,0,,
HSP90AA5P,0,0,,
EEF1A2,0,0.003274,,-2.484921325
DLK1,0,0,,
IL12RB1,0,0.008586,,-2.066209116
BTNL8,0,0.000848,,-3.071604148
ART3,0,0.000285,,-3.54515514
CARD8,0,0.000179,,-3.747146969
KIAA2013,0,0.000044,,-4.356547324
HDGFRP3,0,0.004325,,-2.364013888
DNAJC13,0,0.004325,,-2.364013888
POM121C,0,0.000044,,-4.356547324
SLC35B2,0,0.004325,,-2.364013888
SC5D,0,0.000044,,-4.356547324
GPR89A,0,0.000044,,-4.356547324
CD47,0,0.004325,,-2.364013888
SLC39A3,0,0.004325,,-2.364013888
TMPPE,0,0.004325,,-2.364013888
CHPT1,0,0.004325,,-2.364013888
SCAMP2,0,0.000044,,-4.356547324
ATAD1,0,0.000044,,-4.356547324
IGHG1,0,0.006591,,-2.181048688
SEC31A,0,0,,
SPINK5,0,0.006591,,-2.181048688
PKP1,0,0.000307,,-3.512861625
EIF1AX,0,0.000307,,-3.512861625
VSIG8,0,0.006591,,-2.181048688
S100A3,0,0.006591,,-2.181048688
LRRC15,0,0.006591,,-2.181048688
S100A7,0,0.000307,,-3.512861625
FBXO11,0,0.000307,,-3.512861625
HNRNPCL1,0,0.006591,,-2.181048688
DSG4,1705.281234,0.077912,3.231796013,-1.108395647
SELENBP1,0,0.006591,,-2.181048688
DUSP14,0,0.006591,,-2.181048688
HEPHL1,0,0.006591,,-2.181048688
HIST1H2AG,0,0.006591,,-2.181048688
VSIG4,0,0.0097,,-2.013228266
CBWD1,0,0.000434,,-3.36251027
MRPL37,0,0.000039,,-4.408935393
PRMT2,0,0.000048,,-4.318758763
NDUFB9,0,0.011571,,-1.936629106
DCAF15,0,0,,
ENPP6,0,0,,
TTC39B,0,0.000039,,-4.408935393
MYLK2,0,0,,
ERGIC3,2400.220708,0.164881,3.380251178,-0.782829387
ISLR,4768.685653,0.107561,3.678398695,-0.968345169
KNG1,0,0.015302,,-1.815251802
STK25,0,0.00032,,-3.494850022
FNTB,0,0.015302,,-1.815251802
ARRDC1,252.374615,0,2.402045669,
PLTP,0,0.000848,,-3.071604148
EVA1C,2026.020152,0,3.306643761,
ARSK,0,0.000016,,-4.795880017
FKBP14,0,0.000107,,-3.970616222
GSTM5,0,0.000107,,-3.970616222
AMIGO1,0,0.000107,,-3.970616222
CD109,2241.836845,0.003946,3.350604003,-2.403842919
CACNA2D1,0,0.000107,,-3.970616222
LPAR1,0,0,,
RNF166,0,0.003783,,-2.422163659
CAPNS2,0,0.015302,,-1.815251802
ARHGAP25,0,0,,
GLRA2,0,0.004325,,-2.364013888
HTR3C,980.185792,0.00603,2.991308403,-2.219682688
THBS3,3574.908903,0.001005,3.553264979,-2.997833938
CHRNA9,0,0,,
FAM219A,0,0.000067,,-4.173925197
TOMM20L,0,0.000001,,-6
C2orf68,0,0,,
CDK8,0,0.000078,,-4.107905397
PON2,0,0.000848,,-3.071604148
CDK17,0,0.000078,,-4.107905397
CDK18,0,0.000078,,-4.107905397
ICK,0,0.000078,,-4.107905397
SNX27,0,0.000015,,-4.823908741
LDLRAD4,0,0.000713,,-3.14691047
CDK13,1236.191838,0.215363,3.092085872,-0.666828908
HTR6,0,0.00207,,-2.684029655
MCPH1,3892.372813,0.302735,3.59021443,-0.518937366
RPS6KB2,516.171271,0.000051,2.712793829,-4.292429824
DCAF7,0,0.000015,,-4.823908741
UBR2,0,0.002512,,-2.599980365
HSPB1,0,0.00207,,-2.684029655
FBXW11,0,0.000156,,-3.806875402
AMBRA1,0,0.000008,,-5.096910013
NTRK1,279805.4841,24.29401,5.446856222,1.385499206
ACAA2,0,0.000004,,-5.397940009
ACTR2,0,0.000015,,-4.823908741
SMC2,0,0.000156,,-3.806875402
AK2,0,0.00151,,-2.821023053
CYC1,0,0.00151,,-2.821023053
HSD17B12,0,0.00151,,-2.821023053
NDUFA9,0,0.00151,,-2.821023053
NDUFS1,0,0.00151,,-2.821023053
ATP6V1F,0,0.000001,,-6
C19orf43,1833.130536,0.031517,3.263193392,-1.501455128
CIAPIN1,0,0.000008,,-5.096910013
CORO1C,0,0.000001,,-6
EIF4A2,0,0.000001,,-6
NUBP1,0,0.000001,,-6
PTPN6,0,0.000001,,-6
SNRPD3,0,0.000001,,-6
TWF1,0,0.000001,,-6
ATP1A1,0,0.00151,,-2.821023053
ATP5A1,6552.842038,0.04495,3.816429699,-1.347270304
ADA,0,0.00002,,-4.698970004
DDX5,0,0.00002,,-4.698970004
DHX15,0,0.00002,,-4.698970004
KHDRBS1,0,0.00002,,-4.698970004
GSTO1,0,0.000397,,-3.401209493
MAN2A1,0,0.000397,,-3.401209493
AHNAK,0,0.000004,,-5.397940009
PIN4,308.374574,0.000053,2.489078563,-4.27572413
EEA1,0,0.000001,,-6
EIF2A,0,0.000397,,-3.401209493
GARS,0,0.000001,,-6
GFPT1,0,0.000001,,-6
GLOD4,0,0.000008,,-5.096910013
GMPPB,0,0.000008,,-5.096910013
GTF3C3,0,0.000054,,-4.26760624
HARS,0,0.000001,,-6
HOMER1,0,0.000001,,-6
P4HB,0,0.000008,,-5.096910013
PACSIN2,0,0.000008,,-5.096910013
PREP,0,0.000008,,-5.096910013
REXO2,0,0.000008,,-5.096910013
IPO9,0,0.000054,,-4.26760624
KIF5B,735.851442,0.002621,2.866790145,-2.581532979
MAPK8IP3,0,0.000163,,-3.787812396
HK2,0,0.000001,,-6
RCC2,0,0.000001,,-6
XPNPEP1,0,0.000001,,-6
ALDOC,0,0.00006,,-4.22184875
SLC9A3R2,0,0.00006,,-4.22184875
MCFD2,0,0.000001,,-6
MRPL17,0,0.000054,,-4.26760624
MRPL22,0,0.000054,,-4.26760624
MRPL24,0,0.000054,,-4.26760624
MRPL54,0,0.000054,,-4.26760624
MRPS7,0,0.000054,,-4.26760624
NAA20,0,0.000001,,-6
NIT1,0,0.000397,,-3.401209493
OXSR1,0,0.000001,,-6
PABPC4,0,0.00002,,-4.698970004
PACSIN3,0,0.000008,,-5.096910013
PHB,0,0.00151,,-2.821023053
PHB2,0,0.00151,,-2.821023053
POLR1B,0,0.000054,,-4.26760624
POLR2A,0,0.000054,,-4.26760624
MRPL11,0,0.000054,,-4.26760624
MRPL2,0,0.000054,,-4.26760624
POLR2B,0,0.000054,,-4.26760624
LOC101060521,0,0.000054,,-4.26760624
POLR3F,0,0.000054,,-4.26760624
POLR3G,0,0.000054,,-4.26760624
POLR3K,0,0.000054,,-4.26760624
PTGES3,0,0.001087,,-2.963770456
RPN1,0,0.00151,,-2.821023053
RPS5,0,0.000054,,-4.26760624
SLC25A33,0,0.000008,,-5.096910013
SMARCA4,0,0.000054,,-4.26760624
SYNCRIP,0,0.000397,,-3.401209493
TANGO2,0,0.000008,,-5.096910013
TATDN1,0,0.000004,,-5.397940009
TBC1D9B,0,0.013229,,-1.878472984
FEN1,0,0.000307,,-3.512861625
TMCO1,1452.48527,0.00316,3.162111737,-2.500312917
TRMT6,0,0.000001,,-6
TRMT61A,0,0.000001,,-6
TSR1,0,0.000054,,-4.26760624
TUBA1C,6667.816086,0.152992,3.823983612,-0.815331278
TUBA3E,0,0.000162,,-3.790484985
TUBA4A,0,0.000162,,-3.790484985
TUBB4B,0,0.000008,,-5.096910013
TXLNA,0,0.000001,,-6
UQCRQ,0,0.00151,,-2.821023053
YARS,0,0.000003,,-5.522878745
ATL1,0,0.000567,,-3.246416941
SCARNA22,792.613571,0.000612,2.899061504,-3.213248578
FAP,0,0.000016,,-4.795880017
REV3L,0,0.00193,,-2.714442691
KRAS,21475.71548,0.849834,4.331947642,-0.070665898
ITGB5,0,0.001232,,-2.909389292
ULK1,0,0.000012,,-4.920818754
IFI16,1006.731343,0.002982,3.00291359,-2.525492361
RFXANK,0,0.000012,,-4.920818754
PLCG2,0,0.000008,,-5.096910013
NOS1AP,0,0.000008,,-5.096910013
PNKP,0,0,,
BTRC,899.858121,0.003323,2.95417404,-2.478469659
MED4,0,0.00003,,-4.522878745
MED20,0,0.00151,,-2.821023053
CEP135,0,0.000001,,-6
AHI1,0,0,,
B9D1,0,0.000004,,-5.397940009
MKS1,0,0.000004,,-5.397940009
TCTN2,11858.24755,6.749993,4.074020512,0.829303322
REEP2,4224.422939,0.35457,3.625767392,-0.450298013
SLC33A1,115210.4167,54.372216,5.061491747,1.735377034
TCTN3,7320.749488,1.313455,3.864555546,0.118415198
CEP104,0,0.001002,,-2.999132278
CEP162,0,0.00207,,-2.684029655
CEP152,463.780001,0.007778,2.666312017,-2.109132061
CEP128,846.305094,0.009111,2.927526955,-2.040433953
CEP164,0,0.000397,,-3.401209493
CNTRL,0,0.000016,,-4.795880017
FBF1,0,0.001087,,-2.963770456
RPGRIP1L,0,0.000016,,-4.795880017
SCLT1,6876.983157,0.01718,3.837397961,-1.764976841
DCTN1,2671.880617,0.091905,3.426817049,-1.036660861
CEP19,0,0.001087,,-2.963770456
CETN2,0,0.000004,,-5.397940009
EVC2,0,0.015817,,-1.800875885
RPGR,0,0.000162,,-3.790484985
TCTN1,0,0.000016,,-4.795880017
TMEM17,22478.81551,31.360109,4.351773423,1.496377564
TMEM216,795.480015,0.034596,2.900629273,-1.460974112
TMEM67,0,0.000016,,-4.795880017
CENPJ,0,0.00207,,-2.684029655
CREB3,0,0.026779,,-1.572205645
SPAG5,0,0.003506,,-2.455188088
SSX2IP,0,0.003506,,-2.455188088
HIST1H3E,0,0.000008,,-5.096910013
NDUFA11,0,0.00151,,-2.821023053
NDUFA13,0,0.00151,,-2.821023053
TIMMDC1,0,0.00151,,-2.821023053
AHSA1,0,0.000008,,-5.096910013
ACY1,0,0.000148,,-3.829738285
XRCC3,792.613571,0.000612,2.899061504,-3.213248578
MATR3,0,0.000156,,-3.806875402
THOC1,637.141675,0.000414,2.804236013,-3.382999659
TACC3,0,0.000156,,-3.806875402
EXOSC4,0,0.000156,,-3.806875402
THOC2,637.141675,0.000414,2.804236013,-3.382999659
THOC7,0,0.000156,,-3.806875402
MMGT1,2938.124135,0.004144,3.468070141,-2.382580253
AKT2,0,0.000148,,-3.829738285
ANXA1,0,0.000307,,-3.512861625
ATP5E,0,0.015817,,-1.800875885
ATP6V1B2,0,0.000307,,-3.512861625
ATP6V0A1,0,0.000307,,-3.512861625
KATNA1,0,0.000397,,-3.401209493
CAPNS1,0,0.015302,,-1.815251802
LYST,0,0.000005,,-5.301029996
CLCN7,0,0.015817,,-1.800875885
CLIC1,0,0.015817,,-1.800875885
CLTA,0,0.000307,,-3.512861625
EEF1D,0,0.015817,,-1.800875885
EEF1G,0,0.015817,,-1.800875885
GALNT2,0,0.000718,,-3.143875556
H3F3A,0,0.000148,,-3.829738285
MAPK3,0,0.000012,,-4.920818754
MORC3,0,0.000012,,-4.920818754
DDB2,516.171271,0.000051,2.712793829,-4.292429824
GBA,0,0.000008,,-5.096910013
GBAS,0,0.000008,,-5.096910013
LAMB3,766.620844,0.004605,2.884580623,-2.336770365
PCK2,0,0.000008,,-5.096910013
NIPSNAP1,516.171271,0.000051,2.712793829,-4.292429824
FBXO7,0,0.000008,,-5.096910013
BCOR,0,0.000008,,-5.096910013
RFWD3,516.171271,0.000051,2.712793829,-4.292429824
CDKN2AIP,0,0.000008,,-5.096910013
DCLRE1B,0,0.000008,,-5.096910013
CEP170P1,0,0.000008,,-5.096910013
IMPDH2,0,0.000148,,-3.829738285
VPS26B,0,0.00003,,-4.522878745
PKN2,0,0.000001,,-6
MAT2A,0,0.015817,,-1.800875885
MECP2,0,0.00003,,-4.522878745
MAP3K4,0,0.000288,,-3.540607512
MKI67,0,0.015817,,-1.800875885
MST1R,0,0.015817,,-1.800875885
MYO1A,0,0.000005,,-5.301029996
MYO1E,0,0.015817,,-1.800875885
RPL10A,0,0.000307,,-3.512861625
NF2,13078.11394,0.128006,4.116545117,-0.892769673
NPAT,0,0.000148,,-3.829738285
PFN1,0,0.015817,,-1.800875885
LLGL2,0,0.002512,,-2.599980365
GOLT1B,1473.052372,0.039584,3.168218188,-1.402480322
DCP1A,0,0.002512,,-2.599980365
CERK,1224.489859,0.006044,3.087955193,-2.218675544
TUBGCP5,0,0.002512,,-2.599980365
RAD51,3894.429923,0.039307,3.590443893,-1.405530101
RALA,0,0.000148,,-3.829738285
RAN,0,0.000005,,-5.301029996
ROBO2,0,0.000005,,-5.301029996
RPL10,10516.56438,0.200927,4.021873885,-0.6969617
YEATS4,0,0.00002,,-4.698970004
SEC16A,0,0.00002,,-4.698970004
SDC2,879.198434,0.026734,2.944086906,-1.572936056
SLC3A2,0,0,,
SLC7A1,0,0.015817,,-1.800875885
SLC9A1,0,0.00003,,-4.522878745
HLTF,0,0.00003,,-4.522878745
FOSL2,0,0.011726,,-1.93085011
NLRP3,0,0.011726,,-1.93085011
CHMP4B,1036.528595,0.125654,3.015581288,-0.900823682
PDK1,0,0.000285,,-3.54515514
EMC2,0,0.000285,,-3.54515514
SRI,0,0,,
SRP68,0,0.000452,,-3.344861565
TAP1,0,0.015817,,-1.800875885
TCEB2,0,0.015817,,-1.800875885
TFAP2A,0,0.000288,,-3.540607512
TMPO,0,0.00003,,-4.522878745
TOP2A,0,0.000307,,-3.512861625
TPM4,0,0.015817,,-1.800875885
UBE2N,2067.246982,0.000032,3.315392367,-4.494850022
UTY,0,0.000005,,-5.301029996
SEMA3B,0,0.015817,,-1.800875885
TAGLN2,0,0.015817,,-1.800875885
PPFIA1,0,0.000452,,-3.344861565
ARHGEF7,0,0.015817,,-1.800875885
PRPF4B,0,0.000005,,-5.301029996
ENTHD2,0,0.046805,,-1.32970775
ZW10,0,0.015817,,-1.800875885
BCL7C,0,0,,
COG1,0,0.000397,,-3.401209493
BAG5,0,0.000452,,-3.344861565
CLINT1,0,0.000307,,-3.512861625
LCMT2,0,0.000148,,-3.829738285
URB1,0,0.000307,,-3.512861625
PDCD6IP,0,0.000307,,-3.512861625
SNUPN,0,0.015817,,-1.800875885
RAD50,0,0.015817,,-1.800875885
RCL1,0,0.000307,,-3.512861625
INADL,0,0.015817,,-1.800875885
TINF2,0,0.000162,,-3.790484985
CEPT1,0,0.015817,,-1.800875885
ATP5H,3821.742335,0.006114,3.582261403,-2.213674566
LAMTOR5,0,0.000452,,-3.344861565
THOC5,0,0.000005,,-5.301029996
GDI1,0,0.000196,,-3.707743929
ELL2,0,0.00151,,-2.821023053
TGS1,0,0.00151,,-2.821023053
RBM45,0,0.00151,,-2.821023053
USF1,0,0.00151,,-2.821023053
CKAP4,0,0.015817,,-1.800875885
SF3B2,0,0.000148,,-3.829738285
SLC27A2,0,0.015817,,-1.800875885
POLR2F,0,0.000054,,-4.26760624
RAB7A,479.971681,0.003009,2.681215614,-2.521577812
TMEM63B,0,0.000016,,-4.795880017
CDK1,0,0.000004,,-5.397940009
PDK3,516.171271,0.000051,2.712793829,-4.292429824
NSMAF,0,0.000004,,-5.397940009
PRPF4,0,0.000004,,-5.397940009
BUB3,0,0.000015,,-4.823908741
WRAP53,0,0.000004,,-5.397940009
KIF21A,0,0.000004,,-5.397940009
SEH1L,0,0.000004,,-5.397940009
KBTBD7,0,0.000004,,-5.397940009
ARMC6,0,0.000004,,-5.397940009
USP24,0,0.015817,,-1.800875885
KIAA0368,0,0.015817,,-1.800875885
POLG2,0,0.000288,,-3.540607512
POLA2,0,0.000397,,-3.401209493
ZNF318,0,0.000148,,-3.829738285
CLTC,640.440802,0.11938,2.806478993,-0.923068425
UBE2A,1367.443487,0.045857,3.135909387,-1.338594361
NIPBL,0,0.000307,,-3.512861625
C3orf17,0,0.000307,,-3.512861625
ABI3BP,0,0.000307,,-3.512861625
INTS7,0,0.000005,,-5.301029996
ANKRD17,0,0.000397,,-3.401209493
PHGDH,0,0.015817,,-1.800875885
FBXL6,0,0.000307,,-3.512861625
PLK1,0,0.065553,,-1.183407428
TRIM29,0,0.065553,,-1.183407428
CKAP2,0,0.015817,,-1.800875885
GOLIM4,0,0.001002,,-2.999132278
MCAT,0,0.015817,,-1.800875885
CHMP4A,0,0.000307,,-3.512861625
TFB1M,9886.301023,0.351866,3.99503383,-0.453622696
PHF20,0,0.000307,,-3.512861625
CHMP5,0,0.000307,,-3.512861625
SCLY,0,0.000307,,-3.512861625
MRPL48,0,0.000148,,-3.829738285
MRPS23,0,0.000148,,-3.829738285
CHMP3,0,0.000307,,-3.512861625
RSF1,0,0,,
DPM3,0,0.000307,,-3.512861625
DGCR8,0,0.000307,,-3.512861625
NPM1,0,0.00032,,-3.494850022
TMEM57,0,0.015817,,-1.800875885
NAT10,0,0.000307,,-3.512861625
NCLN,0,0.015817,,-1.800875885
MRPS22,0,0.000452,,-3.344861565
ERGIC1,0,0.000307,,-3.512861625
CNOT6,0,0,,
GAK,0,0.000713,,-3.14691047
PTPN1,0,0.000713,,-3.14691047
RAB11A,0,0.000713,,-3.14691047
ATP6AP2,0,0.000713,,-3.14691047
GTSE1,0,0.000713,,-3.14691047
DOCK6,0,0.015817,,-1.800875885
CAMSAP3,0,0,,
PDF,0,0.015817,,-1.800875885
NBEAL1,0,0.000005,,-5.301029996
MRPL44,0,0.000452,,-3.344861565
CDC73,4452.020468,0.833065,3.648557152,-0.079321111
CARS2,0,0.000397,,-3.401209493
ELMO3,0,0.015817,,-1.800875885
METTL8,7141.111947,0.032279,3.853765841,-1.491079928
BICC1,0,0.000307,,-3.512861625
ISG20L2,0,0.000015,,-4.823908741
PSRC1,0,0,,
KLHL13,0,0.000307,,-3.512861625
C19orf52,0,0.000718,,-3.143875556
ZNF598,0,0.015817,,-1.800875885
NDUFAF2,0,0,,
TOP1MT,0,0.000307,,-3.512861625
MITD1,0,0.000307,,-3.512861625
PLBD2,0,0.000307,,-3.512861625
ARID2,0,0.000148,,-3.829738285
LAMA1,0,0.000288,,-3.540607512
MSL1,0,0.015817,,-1.800875885
ARPIN,0,0.000148,,-3.829738285
CDK11A,0,0.000148,,-3.829738285
UMAD1,0,0.000307,,-3.512861625
TIMM23,1009.078539,0.001932,3.00392497,-2.713992878
HLA-A,0,0,,
F2R,0,0.000397,,-3.401209493
GRIN2B,0,0.000397,,-3.401209493
MAP1B,0,0.00193,,-2.714442691
RBPJ,0,0.000156,,-3.806875402
TEAD2,0,0.000992,,-3.003488328
FOXA2,0,0.000156,,-3.806875402
FOXA3,0,0.000156,,-3.806875402
FOXB1,0,0.000156,,-3.806875402
FOXG1,0,0.000156,,-3.806875402
FOXH1,0,0.000156,,-3.806875402
FOXI2,895.233759,0.00131,2.951936451,-2.882728704
FOXK1,0,0.000049,,-4.30980392
HIST2H2AC,0,0.000004,,-5.397940009
GAN,1737.796116,0.000698,3.239998822,-3.156144577
SKI,0,0.000008,,-5.096910013
CRY1,0,0.000001,,-6
FOXL1,0,0.000156,,-3.806875402
ALKBH3,393.361747,0.000347,2.594792124,-3.459670525
FOXP3,0,0.000156,,-3.806875402
FOXS1,895.233759,0.00131,2.951936451,-2.882728704
MCM2,23241.66302,0.516449,4.3662672,-0.286972559
MCM5,0,0.000162,,-3.790484985
RNF170,0,0.000107,,-3.970616222
UBXN10,0,0.000634,,-3.197910742
CDC5L,516.171271,0.000051,2.712793829,-4.292429824
MEX3C,0,0.000156,,-3.806875402
SENP3,0,0.002512,,-2.599980365
ESRRB,0,0.000008,,-5.096910013
RNF5,0,0.000016,,-4.795880017
C2orf47,1693.419596,0.005547,3.228764581,-2.255941834
LYRM4,0,0.010967,,-1.959912157
NDUFA4,0,0.00151,,-2.821023053
COQ9,0,0.00151,,-2.821023053
C15orf48,0,0.00151,,-2.821023053
IDE,0,0.000931,,-3.031050319
CISD3,0,0.00151,,-2.821023053
OCIAD1,0,0.00151,,-2.821023053
PTPMT1,0,0.00151,,-2.821023053
CCDC58,0,0.00151,,-2.821023053
STOML2,0,0.000931,,-3.031050319
CLPB,0,0.000931,,-3.031050319
COQ2,338.171447,0.003481,2.529136936,-2.458295977
PHYHIPL,0,0.000931,,-3.031050319
CHCHD2,0,0.00151,,-2.821023053
SCO2,0,0.000931,,-3.031050319
SCO1,0,0.000931,,-3.031050319
ATP5C1,431.753014,0.006048,2.635235378,-2.218388218
LAMC1,0,0.000931,,-3.031050319
COX5A,0,0.000931,,-3.031050319
STARD7,0,0.000931,,-3.031050319
NRD1,0,0.000931,,-3.031050319
MTCH2,0,0.000931,,-3.031050319
ATP5J,0,0.000931,,-3.031050319
PTGER4,0,0.000011,,-4.958607315
RC3H1,0,0.000008,,-5.096910013
NFATC1,608.881408,0.000168,2.784532713,-3.774690718
NFATC2,1845.440367,0.008766,3.266100016,-2.057198534
TTC27,0,0.000004,,-5.397940009
LENG1,0,0.000008,,-5.096910013
NLE1,0,0.000004,,-5.397940009
C10orf76,0,0.000004,,-5.397940009
PTAR1,0,0.000004,,-5.397940009
BACE1,0,0.000004,,-5.397940009
ERBB3,0,0.001133,,-2.94577009
ATOH1,0,0.065553,,-1.183407428
HSP90AA1,0,0,,
CRBN,0,0.000004,,-5.397940009
FGFR1,1086.057915,0.347955,3.035852985,-0.458476918
CFLAR,0,0.000004,,-5.397940009
CAPN2,1566.885688,0.000742,3.195037314,-3.129596095
RNF126,0,0.010967,,-1.959912157
ZNF746,0,0.000001,,-6
SYNM,0,0,,
CDH2,0,0.000011,,-4.958607315
MTMR14,0,0.00207,,-2.684029655
PDP2,0,0.00151,,-2.821023053
PTPN18,0,0.00002,,-4.698970004
PTPRA,0,0.00002,,-4.698970004
PTPRR,0,0.002512,,-2.599980365
PPM1J,0,0.000004,,-5.397940009
DUSP13,0,0.000634,,-3.197910742
DUSP22,0,0.00207,,-2.684029655
CD99L2,0,0.000397,,-3.401209493
TRIP12,0,0.000397,,-3.401209493
VPS41,0,0.000173,,-3.761953897
KIF1B,0,0.000163,,-3.787812396
SDCCAG3,0,0.00097,,-3.013228266
STXBP6,0,0.000331,,-3.480172006
CETN1,0,0.000163,,-3.787812396
PCDHGB1,0,0.000931,,-3.031050319
NEK1,0,0.000331,,-3.480172006
PCDH12,39672,0.478142,4.598484095,-0.320443106
PCDH10,0,0.001654,,-2.781464495
ACSF3,0,0.000008,,-5.096910013
PCDH17,0,0.001654,,-2.781464495
MYCL,0,0.00003,,-4.522878745
XPR1,0,0.000713,,-3.14691047
TAF6L,0,0.000077,,-4.113509275
RAB30,0,0.000012,,-4.920818754
CLIC3,0,0.001654,,-2.781464495
TARSL2,0,0.000001,,-6
EPS8,0,0.013229,,-1.878472984
PCDHGA11,0,0.001654,,-2.781464495
TGM4,0,0.003274,,-2.484921325
DCBLD1,0,0.001654,,-2.781464495
SNX21,0,0.000012,,-4.920818754
KCNA10,0,0.004869,,-2.312560225
SDF2,0,0.000331,,-3.480172006
TRMU,0,0.000008,,-5.096910013
EMILIN1,776.850691,0.069426,2.890337556,-1.158477856
POLR3GL,0,0.000054,,-4.26760624
ACSS1,0,0.000008,,-5.096910013
SYT12,0,0.000012,,-4.920818754
TNFRSF17,0,0.000931,,-3.031050319
FECH,0,0.000008,,-5.096910013
FTSJ2,0,0.000008,,-5.096910013
CD44,0,0.013229,,-1.878472984
RTN1,0,0.000042,,-4.37675071
CDON,0,0.001654,,-2.781464495
PTPRS,0,0.001654,,-2.781464495
SDR39U1,0,0.000008,,-5.096910013
PCDHGC3,0,0.001654,,-2.781464495
AARSD1,2483.866134,0.127201,3.395128186,-0.895509474
LRRC8E,0,0.003274,,-2.484921325
GPBP1L1,0,0.013229,,-1.878472984
LPXN,0,0.00002,,-4.698970004
FGFR1OP2,0,0.001232,,-2.909389292
SLC25A39,0,0.000008,,-5.096910013
SLMAP,0,0.001232,,-2.909389292
LYPD3,0,0.004869,,-2.312560225
UXT,0,0.000054,,-4.26760624
FGFR2,0,0.000713,,-3.14691047
KCNJ5,0,0.000634,,-3.197910742
GTPBP8,0,0.000008,,-5.096910013
OPRM1,23758.79026,0.560948,4.375824324,-0.251077396
CAV3,0,0.000242,,-3.616184634
DCAF8,1233.23676,0.027572,3.091046462,-1.55953173
LINC01587,0,0,,
NUDT19,0,0.000008,,-5.096910013
TMEM128,0,0.000042,,-4.37675071
NUP54,0,0.000015,,-4.823908741
CAPN8,0,0.000397,,-3.401209493
MTG1,0,0.000008,,-5.096910013
MPP1,0,0.000012,,-4.920818754
C21orf2,0,0.000331,,-3.480172006
TRMT2B,0,0.000008,,-5.096910013
ASPRV1,0,0.000634,,-3.197910742
TMTC4,0,0.001654,,-2.781464495
DCAF4,0,0.000008,,-5.096910013
GORASP1,0,0.000008,,-5.096910013
C4orf29,0,0.000008,,-5.096910013
ALCAM,0,0.001654,,-2.781464495
ZFAND2B,0,0.00097,,-3.013228266
ATP2B2,0,0.00045,,-3.346787486
NDUFS7,0,0.000185,,-3.732828272
NPY2R,0,0.000012,,-4.920818754
ATP5B,0,0.00097,,-3.013228266
RALB,0,0.002512,,-2.599980365
ATP8,0,0.00097,,-3.013228266
REEP4,0,0.004869,,-2.312560225
ALOX5,0,0.003274,,-2.484921325
MAS1,0,0.000285,,-3.54515514
PUSL1,0,0.000008,,-5.096910013
RPUSD3,0,0.000008,,-5.096910013
IPPK,796.171096,0.006156,2.901006407,-2.210701389
C17orf53,0,0.00006,,-4.22184875
NSUN4,0,0.000008,,-5.096910013
ASB7,0,0.000054,,-4.26760624
NUP98,0,0.011726,,-1.93085011
IL1R2,0,0.002,,-2.698970004
REEP5,0,0.001232,,-2.909389292
CACNB3,0,0.000634,,-3.197910742
VPS16,0,0.000173,,-3.761953897
RAPGEF5,0,0.003274,,-2.484921325
PLXDC2,0,0.00097,,-3.013228266
TRIM43,0,0.000008,,-5.096910013
FPR2,796.171096,0.006156,2.901006407,-2.210701389
PPM1A,0,0.000173,,-3.761953897
CRYL1,12415,24.423942,4.093946724,1.38781576
NARS2,0,0.000008,,-5.096910013
SLC22A6,0,0.029371,,-1.532081267
VIPR2,0,0,,
GPR156,0,0.013229,,-1.878472984
NEFM,0,0.000397,,-3.401209493
CD83,0,0.000004,,-5.397940009
NUDCD3,0,0.000173,,-3.761953897
CCNY,0,0.000015,,-4.823908741
JMJD6,0,0.000003,,-5.522878745
RASL10B,0,0.000008,,-5.096910013
VTN,0,0.000042,,-4.37675071
LPAR4,0,0.000285,,-3.54515514
TFAP4,0,0.000634,,-3.197910742
BCAT2,0,0.000008,,-5.096910013
LPCAT4,0,0.000285,,-3.54515514
MOSPD2,0,0.00097,,-3.013228266
SDC1,0,0.013229,,-1.878472984
SLC22A16,0,0.029371,,-1.532081267
FCGR1A,0,0.001654,,-2.781464495
NIPSNAP3A,0,0.000008,,-5.096910013
GYPB,0,0.000042,,-4.37675071
TRIB2,0,0.000008,,-5.096910013
NUP107,0,0.011726,,-1.93085011
BMX,0,0.000634,,-3.197910742
HARS2,0,0.000008,,-5.096910013
RP9,0,0.000397,,-3.401209493
BMP1,0,0.00003,,-4.522878745
RBM6,0,0.000331,,-3.480172006
CELSR2,0,0.001654,,-2.781464495
SIKE1,0,0.001232,,-2.909389292
FOXRED1,0,0.000008,,-5.096910013
CELF5,0,0.00002,,-4.698970004
ELAVL2,0,0.00002,,-4.698970004
WDR45,0,0.011726,,-1.93085011
NES,0,0.000397,,-3.401209493
KCNIP2,0,0.005715,,-2.242983765
CYP7B1,1,0,0,
UBB,0,0,,
CDH13,0,0.002,,-2.698970004
SCGB1D1,0,0.000848,,-3.071604148
KTN1,0,0.000397,,-3.401209493
RUVBL1,0,0.000054,,-4.26760624
NUP43,0,0.011726,,-1.93085011
RCCD1,0,0.003274,,-2.484921325
FNTA,0,0.000397,,-3.401209493
MTG2,0,0.000008,,-5.096910013
KLHDC8A,0,0.000004,,-5.397940009
NME2P1,0,0.00002,,-4.698970004
C4orf32,0,0.001232,,-2.909389292
TMED6,0,0.094843,,-1.022994717
NUP133,0,0.011726,,-1.93085011
TSPYL6,3736.149828,0.006888,3.572424284,-2.161906862
ST8SIA4,0,0.094843,,-1.022994717
FAM19A3,0,0.000163,,-3.787812396
MRPS30,0,0.000008,,-5.096910013
SLC15A1,4268.282221,0.352365,3.630253127,-0.453007236
VSIG1,0,0.000713,,-3.14691047
TRUB2,0,0.000008,,-5.096910013
DNAI2,0,0.000004,,-5.397940009
NOL11,0,0.000045,,-4.346787486
RAB2B,0,0.002,,-2.698970004
MRAP2,146.160681,0.017378,2.164830558,-1.760000207
PDCD1,5016.525373,0.534624,3.700403013,-0.271951549
RPL23,0,0.001654,,-2.781464495
CD79B,1460.822556,1.244535,3.164597466,0.095007115
GABRA6,0,0.000044,,-4.356547324
GRPR,0,0.002,,-2.698970004
GABRG2,0,0.000044,,-4.356547324
FAHD2B,0,0.000008,,-5.096910013
APOB,0,0.00097,,-3.013228266
YBEY,3830.556158,0.002039,3.583261834,-2.690582774
NUFIP2,0,0.00002,,-4.698970004
HAVCR2,0,0.000196,,-3.707743929
EFNB1,0,0.001654,,-2.781464495
TMEM70,0,0.000008,,-5.096910013
APOBEC3D,0,0.00002,,-4.698970004
CELSR1,0,0.001654,,-2.781464495
SLC19A2,0,0.00097,,-3.013228266
DQX1,0,0.000163,,-3.787812396
NXF2,0,0.00002,,-4.698970004
PCDH20,0,0.094843,,-1.022994717
FAM109A,0,0.000285,,-3.54515514
MLX,0,0.013229,,-1.878472984
HCFC2,0,0.000004,,-5.397940009
B4GAT1,2287.708277,0.002813,3.359400643,-2.550830268
GOLGA5,0,0.00097,,-3.013228266
FRMD1,0,0.002,,-2.698970004
NEU4,0,0.000008,,-5.096910013
INA,0,0.000397,,-3.401209493
CDH5,2026.020152,0.03767,3.306643761,-1.42400438
APLNR,12425.50322,1.413256,4.094313986,0.150220838
SLC5A8,0,0.029371,,-1.532081267
LYPD4,2741.537064,0.000979,3.437994122,-3.009217308
CLMP,0,0.000713,,-3.14691047
WDR77,0,0.000004,,-5.397940009
PCDH7,0,0.001654,,-2.781464495
DCAF11,0,0.000004,,-5.397940009
PLEKHO1,0,0.000634,,-3.197910742
C1orf85,0,0.000162,,-3.790484985
SLC1A5,0,0.029371,,-1.532081267
ASIC4,0,0.000044,,-4.356547324
TRMT1L,0,0.000008,,-5.096910013
MAGEE1,0,0.000713,,-3.14691047
TPSB2,0,0.000162,,-3.790484985
SPPL2B,0,0.000011,,-4.958607315
ACP2,0,0.00097,,-3.013228266
SLC7A2,0,0.00097,,-3.013228266
IL13RA2,0,0.029371,,-1.532081267
SLC37A3,0,0.029371,,-1.532081267
LAMP3,0,0.002,,-2.698970004
TBC1D22B,0,0.000397,,-3.401209493
P4HA2,0,0.00002,,-4.698970004
KDM4B,0,0.000004,,-5.397940009
TNFRSF1A,0,0.000713,,-3.14691047
FAM98A,0,0.00002,,-4.698970004
TACR1,0,0.029371,,-1.532081267
PCDHB16,0,0.000196,,-3.707743929
C5orf24,0,0.000634,,-3.197910742
CNPY2,0,0.000634,,-3.197910742
KLHL33,516.171271,0.000051,2.712793829,-4.292429824
CRYAB,0,0.000307,,-3.512861625
SLAMF1,0,0.002,,-2.698970004
DKKL1,640.440802,0.11938,2.806478993,-0.923068425
PCDHGB4,0,0.000931,,-3.031050319
GALNS,0,0.000016,,-4.795880017
GTF2F1,0,0.000015,,-4.823908741
UPK1A,691.920519,0.859945,2.84005621,-0.065529324
PLEKHA1,0,0.000634,,-3.197910742
GFM1,0,0.000008,,-5.096910013
SLC25A43,0,0.000008,,-5.096910013
CPA5,0,0.000285,,-3.54515514
PRAMEF17,0,0.000008,,-5.096910013
GCNT1,0,0.029371,,-1.532081267
P2RX2,3387.783069,0.945821,3.529915593,-0.024191048
ZNRF4,0,0.000196,,-3.707743929
PRDM5,0,0.000005,,-5.301029996
CCL22,0,0.002,,-2.698970004
FAM174A,0,0.000285,,-3.54515514
PDDC1,1640.087119,1.350679,3.214866918,0.130552148
CHI3L1,0,0.003274,,-2.484921325
IL17RA,0,0.000012,,-4.920818754
FBXO15,0,0.000008,,-5.096910013
HDAC10,0,0.000285,,-3.54515514
PUS1,0,0.000008,,-5.096910013
IBA57,0,0.000008,,-5.096910013
KLHDC2,0,0.000004,,-5.397940009
BPHL,0,0.000008,,-5.096910013
HIST2H2AB,0,0.011726,,-1.93085011
KCNS3,0,0.000196,,-3.707743929
TXNDC9,0,0.000004,,-5.397940009
MOCS3,0,0.065553,,-1.183407428
STRIP1,0,0.001232,,-2.909389292
WDR86,0,0.000004,,-5.397940009
RUVBL2,0,0.000398,,-3.400116928
TBL1Y,0,0.000004,,-5.397940009
SLC18A1,0,0.000434,,-3.36251027
SYNGR2,0,0.00097,,-3.013228266
PTGIR,0,0.029371,,-1.532081267
C5AR2,0,0.000012,,-4.920818754
VTA1,0,0.011726,,-1.93085011
DEF8,0,0.002,,-2.698970004
HTR3A,0,0.000044,,-4.356547324
THOC3,0,0.000004,,-5.397940009
EBP,0,0.000044,,-4.356547324
GGT5,0,0.156321,,-0.805982675
CD79A,1276.363165,0.05798,3.105974262,-1.236721789
SYPL2,0,0.000042,,-4.37675071
NCR3LG1,0,0.002,,-2.698970004
RNF114,0,0.001232,,-2.909389292
YARS2,0,0.000008,,-5.096910013
GHITM,0,0,,
ICAM1,0,0.000162,,-3.790484985
WDTC1,0,0.000004,,-5.397940009
TMUB2,0,0.000016,,-4.795880017
PSMD11,0,0.00097,,-3.013228266
MRPL16,0,0.000008,,-5.096910013
DARS2,0,0.000008,,-5.096910013
PLA2G10,0,0.002,,-2.698970004
TRIM35,0,0.000163,,-3.787812396
OXCT2,0,0.000008,,-5.096910013
GLB1L3,0,0.000008,,-5.096910013
NCEH1,0,0.000848,,-3.071604148
GCC2,0,0.000001,,-6
GANAB,0,0.000004,,-5.397940009
SLC2A12,0,0.000285,,-3.54515514
VWA5A,0,0.00032,,-3.494850022
IDH3G,0,0.000008,,-5.096910013
MANSC1,0,0.000713,,-3.14691047
RBM42,0,0.015817,,-1.800875885
ITM2A,0,0.000285,,-3.54515514
CDH8,0,0.000011,,-4.958607315
ZIC1,0,0.000397,,-3.401209493
ALOXE3,0,0.000008,,-5.096910013
NRAS,0,0.001232,,-2.909389292
CTSH,0,0.000008,,-5.096910013
AP3S1,0,0.000285,,-3.54515514
SLC22A9,0,0.029371,,-1.532081267
LGALS7,0,0.00032,,-3.494850022
P2RX5,0,0.000634,,-3.197910742
CECR5,0,0.000008,,-5.096910013
ODF1,0,0.000004,,-5.397940009
MCMBP,0,0.000015,,-4.823908741
TKT,0,0.000012,,-4.920818754
RNF19B,0,0.000003,,-5.522878745
ASB3,0,0.00002,,-4.698970004
TMEM184B,0,0.00097,,-3.013228266
NUP85,0,0.011726,,-1.93085011
EID1,0,0.00032,,-3.494850022
SEC31B,0,0.000004,,-5.397940009
TSSC1,0,0.000004,,-5.397940009
LRRTM1,0,0.000196,,-3.707743929
WDR83,0,0.000004,,-5.397940009
CCNJL,0,0.000162,,-3.790484985
RNF111,0,0.011726,,-1.93085011
RCAN2,0,0.000307,,-3.512861625
DKK3,0,0.000008,,-5.096910013
PTPDC1,0,0,,
RYR2,0,0.000011,,-4.958607315
MTOR,0,0.000012,,-4.920818754
STOM,846.305094,0.009111,2.927526955,-2.040433953
DYNLL2,349.835524,0.114024,2.543863908,-0.943003728
INTU,0,0.00151,,-2.821023053
DDHD1,13505.39627,0.940651,4.130507332,-0.026571478
TUBGCP4,0,0.013229,,-1.878472984
KCTD3,0,0.000068,,-4.167491087
KIF13B,0,0.000068,,-4.167491087
KSR1,0,0.000068,,-4.167491087
GIGYF1,0,0.000068,,-4.167491087
LRFN1,0,0.000068,,-4.167491087
DENND1A,0,0.000068,,-4.167491087
SH3PXD2A,0,0.000068,,-4.167491087
SRGAP2,0,0.000068,,-4.167491087
EIF4E2,0,0.000068,,-4.167491087
SIPA1L1,0,0.000068,,-4.167491087
LIMA1,0,0.000068,,-4.167491087
MAGI1,0,0.000068,,-4.167491087
TESK2,0,0.000068,,-4.167491087
DCLK1,0,0.000068,,-4.167491087
ZNF638,0,0.000068,,-4.167491087
SRSF12,0,0.000068,,-4.167491087
SYDE1,0,0.000068,,-4.167491087
AGAP1,0,0.000068,,-4.167491087
CDC25B,0,0.000068,,-4.167491087
FAM110B,0,0.000068,,-4.167491087
ANKRD34A,0,0.000068,,-4.167491087
FAM53C,0,0.000068,,-4.167491087
FAM110A,0,0.000015,,-4.823908741
TBC1D25,0,0.000015,,-4.823908741
PPM1H,0,0.000068,,-4.167491087
MAPKAP1,0,0.000068,,-4.167491087
MAST3,0,0.000068,,-4.167491087
RTKN,0,0.000068,,-4.167491087
AMOTL1,0,0.012907,,-1.88917469
IFFO1,0,0.012907,,-1.88917469
DENND4C,0,0.000068,,-4.167491087
CGN,0,0.000068,,-4.167491087
RAB3IP,948.906914,0.00231,2.977223611,-2.63638802
CDADC1,0,0.012907,,-1.88917469
COBLL1,0,0.012907,,-1.88917469
SCML1,0,0.012907,,-1.88917469
TCHP,0,0.013229,,-1.878472984
OFD1,0,0.000001,,-6
TIAM1,0,0.000068,,-4.167491087
PHLDB2,0,0.000015,,-4.823908741
NADK,0,0.000068,,-4.167491087
GAB2,0,0.000015,,-4.823908741
KIAA1804,0,0.000068,,-4.167491087
NF1,0,0.000068,,-4.167491087
CBY1,1432.760453,0.003302,3.156173586,-2.481222931
RASAL2,0,0.000068,,-4.167491087
MELK,0,0.000015,,-4.823908741
PLEKHA7,0,0.000015,,-4.823908741
MLLT4,0,0.000015,,-4.823908741
DEPDC1B,0,0.000015,,-4.823908741
SH3BP4,0,0.000015,,-4.823908741
CDC25C,0,0.000005,,-5.301029996
PA2G4,0,0.000001,,-6
TRAP1,0,0.000001,,-6
CAMSAP2,0,0.000068,,-4.167491087
GIGYF2,0,0.000005,,-5.301029996
PLEKHA5,0,0.000015,,-4.823908741
EDC3,0,0.000015,,-4.823908741
SND1,0,0.000001,,-6
USH1C,0,0.000003,,-5.522878745
INPP5E,0,0.000005,,-5.301029996
NCL,0,0.00032,,-3.494850022
MTNR1A,178.304476,0.250211,2.251162245,-0.601693601
MTNR1B,0,0.000288,,-3.540607512
CYLD,15698.75933,0.29327,4.195865332,-0.532732361
STYX,0,0.000001,,-6
ZNHIT2,0,0.000054,,-4.26760624
INO80B,0,0.000005,,-5.301029996
SLC7A6OS,0,0.000054,,-4.26760624
URI1,0,0.000054,,-4.26760624
WDR92,2151.32258,0.000747,3.332705536,-3.126679398
COX15,5790.897864,0.026503,3.762745905,-1.576704963
DLD,931.819052,0.004476,2.969331586,-2.349109922
DLST,0,0.000001,,-6
PDHA1,2713.470732,0.172834,3.433525142,-0.762370819
SOAT1,0,0.000016,,-4.795880017
VDAC1,0,0.000016,,-4.795880017
EDEM3,1276.203189,0.000164,3.105919826,-3.785156152
FOXA1,221.953533,0.000297,2.346262062,-3.527243551
G3BP1,5144.219746,0.308666,3.711319512,-0.510511206
CDKN2A,0,0,,
RSC1A1,0,0.000008,,-5.096910013
FAM107A,0,0.000008,,-5.096910013
HEY1,393.361747,0.000347,2.594792124,-3.459670525
TES,440.428438,0.008917,2.643875353,-2.049781233
MAGEL2,0,0.000004,,-5.397940009
PRNP,0,0.000008,,-5.096910013
